mjd,W1_data_mJy,W1_model_mJy,W1_sigma_mJy,W1_residual_sigma,W2_data_mJy,W2_model_mJy,W2_sigma_mJy,W2_residual_sigma
56643.49712938281,8.142325534995399,8.072315984025277,1.1005831610644,0.06361132302116532,5.2398815373756,5.215414582541472,1.1005525349238,0.022231519221226285
56830.41903856194,8.0023064330551,8.072315984025277,1.1006536572545,-0.06360724875508152,5.1909476277072,5.215414582541472,1.1006059978851,-0.02223043930460801
57008.22228850294,10.1286467550305,8.082138974231519,1.1007392448209,1.8592121525856626,8.0107690046172,5.231237995618363,1.1006727310915,2.5253019635023293
57192.82146953,14.879646959535402,12.918141432429115,1.1013442464613,1.7810103729226787,14.6797232006824,12.948351040868332,1.1013137543189,1.5720971004169686
57367.67202436182,17.7790172139713,19.260068260798256,1.1019582788295998,-1.3440173510017042,19.7204171572575,23.84718004675428,1.1019995565765999,-3.744795417447094
57557.16713071791,27.012789356417098,25.544944150211425,1.1033864567969,1.330309246740974,34.1387424514767,34.250355174592514,1.1044304359328,-0.10105907939918632
57727.539130518,28.7574286113793,29.003700454302916,1.1036795667563002,-0.22313708647103558,41.2631667309319,40.15311207336933,1.1057074940614,1.0039315673670606
57923.0026518057,26.579018264383603,27.094381006021678,1.1020817342279001,-0.46762660665919686,41.893963634493794,39.22576580023287,1.1035860392342,2.4177524356075004
58090.12816985646,20.7992243424558,22.864743143392467,1.1033264988649,-1.8720830171863612,35.0169704784621,34.56499579629551,1.1062448574033,0.40856658373763
58286.7301090944,16.277353122188,17.67441537773859,1.1015663285628001,-1.2682506893373549,25.873854740424502,27.759110949551907,1.1027975868423,-1.7095215220098225
58450.891578018825,14.5030558593369,14.62341608784897,1.1018161708063,-0.10923803053642782,22.426795182497,23.346777453200993,1.1032837105675,-0.833858292198277
58652.41405919929,13.441412469393,12.560507780378602,1.1011763845323,0.799966927540444,20.012736276098302,19.86943541112081,1.1018901637832,0.13005004463011322
58815.92686248312,12.9131898170555,11.632539341359237,1.1016243624789,1.1625110330843755,18.8069380190443,17.924947580200342,1.1027394048591,0.7998176495349336
59019.2668646728,12.0104937592257,11.07487284308226,1.1010845760697,0.8497266572229375,16.6412654734601,16.42766035528521,1.1016865357138002,0.1938891973808993
59182.07497190161,11.6405897622992,10.971079642444392,1.101098753506,0.608038214304598,15.914151359408601,15.838275844581467,1.1016165183409001,0.06887652242307209
59384.9266584939,10.8796781374857,11.018755377086011,1.1010439231418,-0.12631397955810555,14.1596121741363,15.514268093582462,1.1015023514519,-1.2298257172674945
59546.12675814778,11.0205146564846,11.021009862633798,1.1012950310218,-0.0004496580255511021,14.1854832954013,15.273367359793394,1.1017832084368,-0.9873848648824238
59748.78921679262,10.7532594161099,10.352349870185563,1.1010418974282,0.3641183381493266,13.7499903863779,13.497983202197727,1.1015149945701999,0.2287823456080192
59911.00425378909,10.3962927059882,9.619273088415023,1.1010324297767,0.7057191019621153,12.742551885511501,11.51900749191613,1.101290538421,1.1110096299834327
60113.91044305,9.2686834135687,8.924063414891048,1.1011110673225,0.31297478420196373,10.054942843925101,9.31968023812675,1.1015078486241001,0.6675055531531364
60277.944716825,8.8172432699945,8.567246694248595,1.1014922426118,0.22696172163058245,8.9554452025527,7.990892251470465,1.1016183727881,0.875578126607525
60480.48393036501,8.371695287323,8.317728831675698,1.1016438843912,0.048987205767613104,7.4149747566009,6.85737131470967,1.1021367984697,0.5059294296909903
