grain_index,a_micron
0,0.1
1,0.10592537251772889
2,0.11220184543019636
3,0.11885022274370183
4,0.12589254117941673
5,0.1333521432163324
6,0.14125375446227545
7,0.14962356560944334
8,0.15848931924611134
9,0.16788040181225602
10,0.1778279410038923
11,0.18836490894898006
12,0.19952623149688797
13,0.21134890398366465
14,0.223872113856834
15,0.23713737056616552
16,0.251188643150958
17,0.26607250597988097
18,0.28183829312644537
19,0.298538261891796
20,0.31622776601683794
21,0.33496543915782767
22,0.35481338923357547
23,0.3758374042884442
24,0.3981071705534973
25,0.4216965034285822
26,0.44668359215096315
27,0.4731512589614805
28,0.5011872336272724
29,0.5308844442309885
30,0.5623413251903491
31,0.5956621435290105
32,0.6309573444801934
33,0.6683439175686147
34,0.707945784384138
35,0.7498942093324559
36,0.7943282347242815
37,0.8413951416451951
38,0.8912509381337457
39,0.9440608762859236
40,1.0
