time_obs_days,W1_Jy,W2_Jy
-1222.74,5.37209768037955e-19,1.187429995926113e-18
-1192.1715,7.146877683305251e-19,1.6066167009918382e-18
-1161.603,5.676342813414097e-19,1.3281795262516833e-18
-1131.0345,4.605778180791432e-19,9.398976378707515e-19
-1100.4660000000001,3.9665124050759473e-19,1.089175266784854e-18
-1069.8975,5.312968740342614e-19,1.2007749803721641e-18
-1039.329,4.588833128937983e-19,1.051078893460509e-18
-1008.7605,4.11198416188291e-19,1.0582277311483375e-18
-978.192,5.482739503560259e-19,1.2364776656817875e-18
-947.6235,7.909619728091e-19,1.5274940388503912e-18
-917.0550000000001,4.860222750953182e-19,1.0775367635987795e-18
-886.4865,4.701105046953182e-19,1.0240139378074723e-18
-855.918,3.441991413877002e-19,6.177083776794984e-19
-825.3495,4.134848566202858e-19,8.814469227942113e-19
-794.7810000000001,2.401734719701705e-19,6.75987191232315e-19
-764.2125,2.578536710216774e-19,5.199918996200336e-19
-733.644,3.747194182086762e-19,6.945789755972863e-19
-703.0755,4.0032598107110247e-19,7.724587265848629e-19
-672.5070000000001,2.5429348227902026e-19,5.295598954354121e-19
-641.9385,2.5417230616597555e-19,4.3334611753003737e-19
-611.37,3.7648230770039797e-19,8.023629574670026e-19
-580.8015,5.050573652210904e-19,8.076773540332064e-19
-550.2330000000001,3.1458215030159694e-19,6.540637552655352e-19
-519.6645,3.458593463137419e-19,6.012733986840746e-19
-489.096,3.92864223864016e-19,8.00309615051721e-19
-458.52750000000003,3.297455494059843e-19,7.171958509134168e-19
-427.959,3.055235477336268e-19,5.445983612425973e-19
-397.39050000000003,2.371764686259283e-19,5.89653039728582e-19
-366.822,3.5276411200420145e-19,6.526536005472296e-19
-336.25350000000003,3.2204408111175814e-19,5.755211343413476e-19
-305.685,2.546889322162399e-19,5.94384969458646e-19
-275.11650000000003,3.1187393128924866e-19,5.378676311962507e-19
-244.548,4.079536025387335e-19,8.88024308841051e-19
-213.9795,3.5658608145624094e-19,6.812411319536619e-19
-183.411,4.384110345286085e-19,8.03662307295414e-19
-152.8425,4.050118266994398e-19,6.541247681283438e-19
-122.274,3.507734296014149e-19,7.12536119728676e-19
-91.7055,3.561351323658298e-19,5.459385846407689e-19
-61.137,7.582453153052844e-08,5.039915511289604e-08
-30.5685,4.716396380675621e-05,7.624915283648524e-05
0.0,0.00038067910482050783,0.0005677332743373008
30.5685,0.0011403322279105795,0.001728834055852593
61.137,0.002189736478722184,0.0033760006323143342
91.7055,0.003360252090885966,0.005267646215017111
122.274,0.004555961659762192,0.007245650889676245
152.8425,0.005734903415261207,0.009227551790186838
183.411,0.006882927115945437,0.011186834046092891
213.9795,0.008001043950183997,0.013117684981534334
244.548,0.009094640713089894,0.015008538105569685
275.11650000000003,0.010158512573808573,0.016858342020337414
305.685,0.011224169626309023,0.01869451409433756
336.25350000000003,0.01228990956952946,0.020509877334562054
366.822,0.013360804024628357,0.02230217772170452
397.39050000000003,0.014414618276961395,0.024037913368697147
427.959,0.015435648916340214,0.02571696633427308
458.52750000000003,0.01641848320332905,0.02731948058665215
489.096,0.017331879637352984,0.028804796809039877
519.6645,0.01818563432237528,0.030200806661529647
550.2330000000001,0.0189809962034562,0.031511550155258077
580.8015,0.01970716637697851,0.03272123551294114
611.37,0.02030837041610631,0.03373648645383778
641.9385,0.02075172694063988,0.03454226399053118
672.5070000000001,0.020995063750572123,0.03507785816627516
703.0755,0.021034574986407713,0.03536459905146258
733.644,0.020912323025716894,0.035462991884529095
764.2125,0.02064963274095877,0.03539096302832738
794.7810000000001,0.02025038176248753,0.03513457879922246
825.3495,0.019734584173660003,0.03470272082770096
855.918,0.019114998913723574,0.03410602636282637
886.4865,0.018414072270426334,0.03338442461904807
917.0550000000001,0.017675275614665316,0.03262226472986188
947.6235,0.01690899524546208,0.03179901687574566
978.192,0.016108481935442946,0.03089929518373952
1008.7605,0.015289153729308952,0.02994446212437996
1039.329,0.01446104627332617,0.028952718683780618
1069.8975,0.013622720232005768,0.027913714086888485
1100.4660000000001,0.01278289830078554,0.02683441103669086
1131.0345,0.01195993047945175,0.025755837712945737
1161.603,0.011162444941864367,0.024691264943604626
1192.1715,0.010378171371661957,0.023612065777310606
1222.74,0.009623855354979989,0.022573862670509974
1253.3085,0.008929976696694675,0.021611746865048017
1283.877,0.008288492875070903,0.020691469815696664
1314.4455,0.0077034667338857325,0.01984374850117599
1345.0140000000001,0.007181840780028608,0.019078281929966235
1375.5825,0.006716905222526662,0.018384263441402104
1406.151,0.006304081131683982,0.01775458777754378
1436.7195,0.005926930253041522,0.017151842047478792
1467.288,0.005573354687230128,0.016560642202219422
1497.8565,0.0052416246430796905,0.015985868142836653
1528.425,0.00494642664309583,0.01547424686633657
1558.9935,0.004701898235226212,0.015048206284394247
1589.5620000000001,0.004486928771627253,0.014651691156249494
1620.1305,0.004278513252112844,0.014241076191566903
1650.699,0.004079412761027646,0.013836706409684986
1681.2675,0.003903684884400288,0.013469387028575322
1711.836,0.0037466878260831505,0.013124543175263995
1742.4045,0.003602141521759749,0.012802686118853197
1772.973,0.003479997608253144,0.01253125040753588
1803.5415,0.0033838790723820862,0.012304378158864046
1834.1100000000001,0.0032935033392634053,0.012066583222417928
1864.6785,0.0031981629659195753,0.011806159172615757
1895.247,0.0031103150556976173,0.011561117653462247
1925.8155,0.0030488345788594494,0.01137524244339012
1956.384,0.0030023304950403625,0.011211448486679931
1986.9525,0.002969160815264361,0.01107869970801633
2017.521,0.0029502055339322036,0.010968990864730589
2048.0895,0.002933386531519869,0.010856025307306016
2078.658,0.0029084940475197244,0.010726866970627375
2109.2265,0.0028962937292238513,0.010638123552506401
2139.795,0.0029039848242913076,0.010590598414073565
2170.3635,0.002912757624431234,0.01054379198786139
2200.9320000000002,0.002917257689674199,0.010492171529923046
2231.5005,0.0029286012648533665,0.010460532963597429
2262.069,0.002944172614606114,0.010430808101072673
2292.6375000000003,0.002951989064108302,0.010378147117374645
2323.206,0.0029461907173457965,0.010295300436619829
2353.7745,0.0029362296527463525,0.010217770938873633
2384.343,0.0029445077480526817,0.010200480691980948
2414.9115,0.0029648656627465045,0.010205998253210176
2445.48,0.002975555917274116,0.01018124881610327
2476.0485,0.0029609170262788506,0.010095871180496081
2506.617,0.0029078923890946923,0.00993137921583587
2537.1855,0.002832993912204177,0.009731207027811993
2567.754,0.002747109575177208,0.009499572574900977
2598.3225,0.002643226684815835,0.009223930456668892
2628.891,0.0025232723505366436,0.008912501846353706
2659.4595,0.0023953357702795534,0.008581816501411718
2690.0280000000002,0.0022613104419222678,0.008233974868823895
2720.5965,0.0021197418244569568,0.007864233166826443
2751.165,0.001975979315477342,0.007486664513537071
2781.7335000000003,0.0018346209519624335,0.007108129462284917
2812.302,0.001698572258487891,0.00673605474258347
2842.8705,0.0015678761149865521,0.0063644860189073236
2873.439,0.0014425427027496122,0.005999653219376568
2904.0075,0.0013256362733721969,0.005649003839187987
2934.576,0.001215560078049716,0.00530599690745673
2965.1445,0.0011109036019053154,0.0049698900880913366
2995.713,0.0010126250774287096,0.004647510228377688
3026.2815,0.0009207944502265692,0.004339963028009627
3056.85,0.0008349856297812416,0.004047047943520418
3087.4185,0.0007562769074600234,0.0037714499992087566
3117.987,0.0006837164230215722,0.003506813857420083
3148.5555,0.0006161131719298868,0.00325327165868614
3179.1240000000003,0.0005557443094115975,0.003021396441055729
3209.6925,0.0005031031874742747,0.0028098767813031643
3240.261,0.00045524997989151745,0.0026084558639294132
3270.8295000000003,0.00041049644418228323,0.0024138930123008633
3301.398,0.0003691351034519152,0.002229432361099695
3331.9665,0.00033189246565735173,0.002059276092426217
3362.535,0.0002981893535693549,0.0019000456771855153
3393.1035,0.00026752737093763867,0.0017521123029494168
3423.672,0.00023976384096212783,0.001613818230242843
3454.2405,0.00021443353291251174,0.0014854319387475996
3484.809,0.00019218698726143,0.001369166739310558
3515.3775,0.00017267937841502313,0.0012631037388401995
3545.946,0.00015526316875503655,0.0011647856741518118
3576.5145,0.00013946939403025455,0.001072707622471504
3607.083,0.00012510012633792895,0.0009863231283332562
3637.6515,0.0001122854146093404,0.0009071426985791363
3668.2200000000003,0.00010127815480251946,0.0008365630558087728
3698.7885,9.177717447363394e-05,0.0007722900616686494
3729.357,8.300297515962148e-05,0.0007110903417618253
3759.9255000000003,7.45373381060751e-05,0.0006518571404004167
3790.494,6.644487754904666e-05,0.0005956054322620992
3821.0625,5.920022112063757e-05,0.0005445402993419684
3851.631,5.286991440661502e-05,0.0004982704325513865
3882.1995,4.722610316260825e-05,0.0004561576871863004
3912.768,4.228825980280823e-05,0.0004183989501516937
3943.3365,3.8053205073340155e-05,0.0003849004099687067
3973.905,3.44142157789218e-05,0.0003548502855617815
4004.4735,3.120072599007723e-05,0.00032723015151734947
4035.042,2.8287586913019018e-05,0.00030139710674877476
4065.6105000000002,2.5619066444596e-05,0.00027722762522984783
4096.179,2.3231734413308964e-05,0.0002553399396835846
4126.7475,2.1176715504839403e-05,0.00023563108191977552
4157.316,1.9246417643869573e-05,0.00021671639212972224
4187.8845,1.7386415299748346e-05,0.0001986755680963639
4218.453,1.566516856108795e-05,0.00018193523633368283
4249.0215,1.4088378070519464e-05,0.00016666274283241807
4279.59,1.2688618082083559e-05,0.00015284089355801535
4310.1585000000005,1.1411635085349857e-05,0.00014013109983225248
4340.727,1.0247955742087148e-05,0.0001284465717120386
4371.2955,9.168570625004814e-06,0.00011732303909135089
4401.8640000000005,8.119359029661666e-06,0.000106491478230707
4432.4325,7.153842263076901e-06,9.638773976492506e-05
4463.001,6.3233921990208705e-06,8.743884684319287e-05
4493.5695000000005,5.6575295613711025e-06,7.970866023193751e-05
4524.138,5.097239735365928e-06,7.286965256132286e-05
4554.7065,4.6543939757799815e-06,6.711609703472536e-05
4585.275000000001,4.309248767176477e-06,6.21483760391252e-05
4615.8435,3.976193427359716e-06,5.734251068505995e-05
4646.412,3.6339824365205014e-06,5.2615164075887666e-05
4676.9805,3.2884258210046406e-06,4.7953559966483365e-05
4707.549,2.9382622348185992e-06,4.3431779652280526e-05
4738.1175,2.630603222006615e-06,3.94374656448559e-05
4768.686,2.3833551495667842e-06,3.596297940652817e-05
4799.2545,2.146557219706536e-06,3.257418196486643e-05
4829.823,1.8816525736350396e-06,2.9076174821811227e-05
4860.3915,1.6069777512211803e-06,2.5644134784131227e-05
4890.96,1.3502745509532102e-06,2.2457320266940428e-05
4921.5285,1.1252323801725264e-06,1.9595215371070365e-05
4952.097,9.342438766909256e-07,1.706464173258008e-05
4982.6655,7.748542935635661e-07,1.48436198850696e-05
5013.234,6.432005829930863e-07,1.2904059230338394e-05
5043.8025,5.352481991149993e-07,1.1216330081544257e-05
5074.371,4.47242881705926e-07,9.75236788772202e-06
5104.9395,3.758118122655913e-07,8.485010328083162e-06
5135.508,3.1799426835334183e-07,7.389064780349412e-06
5166.0765,2.713109960032903e-07,6.4428691446600916e-06
5196.645,2.3366269851367245e-07,5.6268751746926e-06
5227.2135,2.032609678402734e-07,4.923060577833298e-06
5257.782,1.7863052169275565e-07,4.315152776008968e-06
5288.3505000000005,1.5862617612733373e-07,3.789936990307002e-06
5318.919,1.4230403818098392e-07,3.3354345201115713e-06
5349.4875,1.289050096536934e-07,2.9411869585165493e-06
5380.0560000000005,1.1785531442434351e-07,2.5989340068213587e-06
5410.6245,1.0869219043558045e-07,2.301557644746735e-06
5441.193,1.0102455930863057e-07,2.0422410297735204e-06
5471.7615000000005,9.456181566711072e-08,1.8157336963955249e-06
5502.33,8.908665998234304e-08,1.6179100006033412e-06
5532.8985,8.442219304605315e-08,1.4451234329888087e-06
5563.467000000001,8.04284256199469e-08,1.2947741269113198e-06
5594.0355,7.69849057451276e-08,1.1640807586614579e-06
5624.604,7.398485382569815e-08,1.050063409855549e-06
5655.1725,7.134916245492805e-08,9.504611600930867e-07
5685.741,6.901682098813241e-08,8.634811448232512e-07
5716.3095,6.693334942038062e-08,7.87299774165203e-07
5746.878,6.505141955523525e-08,7.20323860632844e-07
5777.4465,6.333668305824755e-08,6.613459132564819e-07
5808.015,6.176268423603302e-08,6.093505978617166e-07
5838.5835,6.03063501918485e-08,5.633944628682268e-07
5869.152,5.894980191598476e-08,5.226856000120402e-07
5899.7205,5.767844905103101e-08,4.864838129638138e-07
5930.289,5.6480448466411986e-08,4.5405060571820505e-07
5960.8575,5.534682114453823e-08,4.2494842355345413e-07
5991.426,5.427138977216274e-08,3.988700990976769e-07
6021.9945,5.324685464920071e-08,3.753550321418713e-07
6052.563,5.226767891038197e-08,3.5404329345971156e-07
6083.1315,5.132981299734492e-08,3.3471910123543296e-07
6113.7,5.042850829740558e-08,3.170397924979292e-07
6144.2685,4.956042144986684e-08,3.0071556770715564e-07
6174.837,4.872279924183052e-08,2.8559249565059786e-07
6205.4055,4.7914188459844627e-08,2.7157078069587077e-07
6235.974,4.713284787182772e-08,2.5858535737123223e-07
6266.5425000000005,4.6377406644321746e-08,2.465708258093363e-07
6297.111,4.56466449777901e-08,2.3546479107380816e-07
6327.6795,4.493873747466452e-08,2.2516517154105932e-07
6358.2480000000005,4.4252786154203265e-08,2.1558154005285772e-07
6388.8165,4.358723611752399e-08,2.0663658310054802e-07
6419.385,4.2941240113527976e-08,1.9827162325603715e-07
6449.9535000000005,4.23138184992456e-08,1.904244586758298e-07
6480.522,4.170382565771225e-08,1.830386143726896e-07
6511.0905,4.11107731944694e-08,1.7606418017122882e-07
6541.659000000001,4.053344232901155e-08,1.694427116359981e-07
6572.2275,3.997136562694267e-08,1.6314234751503087e-07
6602.796,3.942388102227223e-08,1.571337256075441e-07
6633.364500000001,9.482816587369035e-09,1.3444644707860491e-07
6663.933,3.353616199550879e-09,1.2358362826322206e-07
6694.5015,3.142153880168607e-09,1.1622341234218784e-07
6725.07,2.9395758846589204e-09,1.0911331095832754e-07
6755.6385,2.74428292989603e-09,1.0223653721561563e-07
6786.207,2.553936480709325e-09,9.550354592556032e-08
6816.7755,2.368732002612506e-09,8.893517908693402e-08
6847.344,2.1879740200636147e-09,8.251361791027978e-08
6877.9125,2.0109758804861434e-09,7.619756425939892e-08
6908.481,1.8374591686994887e-09,7.001361053451658e-08
6939.0495,1.6595178367662277e-09,6.366938561010167e-08
6969.618,1.483867285094831e-09,5.7441991531607274e-08
7000.1865,1.3106316809444898e-09,5.1265356129830904e-08
7030.755,1.1486754957289907e-09,4.5441154349361564e-08
7061.3235,9.934208204015976e-10,3.984696485693302e-08
7091.892,8.446273159354104e-10,3.445633023338973e-08
7122.4605,7.074177590705837e-10,2.9477996596439517e-08
7153.029,5.728182642293508e-10,2.4610412827934706e-08
7183.5975,4.442726561268077e-10,1.9946601696315132e-08
7214.166,3.2596510077574063e-10,1.562317680805151e-08
7244.7345000000005,2.2319915929738128e-10,1.1793299578964418e-08
7275.303,1.4799683705830321e-10,8.767748955505732e-09
7305.8715,9.93332174796185e-11,6.5570516326876e-09
7336.4400000000005,6.668696183151909e-11,4.893476387190691e-09
7367.0085,4.3767773991507785e-11,3.611063775497317e-09
7397.577,2.982465014105902e-11,2.709022866952319e-09
7428.1455000000005,1.9899667072734947e-11,2.016342595065116e-09
7458.714,1.2878129748090322e-11,1.4778854616735011e-09
7489.2825,8.82578469255678e-12,1.1110666908834245e-09
7519.851000000001,5.751167069432179e-12,8.163235042641379e-10
7550.4195,3.719491258119721e-12,5.975438478479355e-10
7580.988,2.410269820597708e-12,4.3775106840805335e-10
7611.556500000001,1.5967992684617728e-12,3.2326324356346744e-10
7642.125,9.696205030943023e-13,2.2972709179582294e-10
7672.6935,5.663550048932077e-13,1.6302743492027344e-10
7703.262,3.4192931827554987e-13,1.183491674101352e-10
7733.8305,2.0063175606314453e-13,8.540883513537255e-11
7764.399,1.0273337033913358e-13,6.096225829578379e-11
7794.9675,3.95265337706799e-14,4.342203475592913e-11
7825.536,1.7972792701282896e-14,3.3721933660258646e-11
7856.1045,1.2527677308545976e-14,2.7653778568136948e-11
7886.673,9.911147113626765e-15,2.2938433524668003e-11
7917.2415,7.896532711138783e-15,1.907939156747971e-11
7947.81,6.354741462535311e-15,1.5937070295354506e-11
7978.3785,5.163120737613125e-15,1.3370064500697795e-11
8008.947,4.2384630510141005e-15,1.1276070249963467e-11
8039.5155,3.5200131139164723e-15,9.56915723808606e-12
8070.084,2.949597534661267e-15,8.159275739182225e-12
8100.6525,2.4846458432047902e-15,6.9730413237258065e-12
8131.2210000000005,2.1059497989886857e-15,5.978748317527391e-12
8161.7895,1.798123288286686e-15,5.148478450834592e-12
8192.358,1.5473366648735705e-15,4.454880828098516e-12
8222.9265,1.3434249231670702e-15,3.884070199222209e-12
8253.495,1.1749817451989958e-15,3.4090070811295204e-12
8284.0635,1.0323664904532644e-15,3.0052834054563715e-12
8314.632,9.105376422824148e-16,2.6587830064276665e-12
8345.2005,8.066646911671077e-16,2.3639105795850877e-12
8375.769,7.168486209474786e-16,2.109491520395106e-12
8406.3375,6.379886085423158e-16,1.886758230856082e-12
8436.906,5.685343443933797e-16,1.691994168110459e-12
8467.4745,5.085028182491697e-16,1.5251285750089326e-12
8498.043,4.550479428547997e-16,1.376523162111812e-12
8528.6115,4.068325689143038e-16,1.2424503530297887e-12
8559.18,3.627295701322626e-16,1.1171280158074263e-12
8589.7485,3.244413086102188e-16,1.009879541972166e-12
8620.317000000001,2.8830296521534377e-16,9.06875781681914e-13
8650.8855,2.565283069290484e-16,8.16209738695076e-13
8681.454,2.2852216244834417e-16,7.339750717970941e-13
8712.022500000001,2.0330813734001921e-16,6.609776938584366e-13
8742.591,1.7824433935971086e-16,5.863451578237502e-13
8773.1595,1.560353730013855e-16,5.197734858434333e-13
8803.728000000001,1.366082715408476e-16,4.617395819681381e-13
8834.2965,1.1878830026539444e-16,4.068906351284253e-13
8864.865,1.0197739656307689e-16,3.5415007274319053e-13
8895.433500000001,8.724251724873492e-17,3.072920878270067e-13
8926.002,7.399869748481837e-17,2.647220281488628e-13
8956.5705,6.254268631023572e-17,2.2724429762726625e-13
8987.139000000001,5.140511090496384e-17,1.8996923606666991e-13
9017.7075,4.0541672353696115e-17,1.5229109264755835e-13
9048.276,3.1737008339640783e-17,1.210893197284124e-13
9078.844500000001,2.373448330691632e-17,9.234386445086415e-14
9109.413,1.7363073752908106e-17,6.962372938085319e-14
9139.9815,1.3341530307365656e-17,5.484019968022052e-14
9170.550000000001,8.920193442957063e-18,3.739283878400204e-14
9201.1185,5.83933654471445e-18,2.4774723357339273e-14
9231.687,3.871805863392831e-18,1.7315740555498614e-14
9262.2555,2.1392802822949226e-18,1.0522950818902404e-14
9292.824,9.88035364344628e-19,5.006971755532821e-15
9323.3925,7.6911544692078675e-19,3.0586134467061937e-15
9353.961,6.7346388812975385e-19,2.4631508179481373e-15
9384.5295,6.517343237898569e-19,1.925519039763767e-15
9415.098,6.703551912163673e-19,1.5254303039783233e-15
9445.6665,6.968989368712542e-19,1.133472827480547e-15
9476.235,6.173362195951633e-19,8.593352398210137e-16
9506.8035,5.135961447279423e-19,6.360171203213692e-16
9537.372,6.416192568048703e-19,4.202076251310545e-16
9567.9405,6.804896169327048e-19,2.743264296334981e-16
9598.509,5.987264346287575e-19,1.6331214701637077e-16
9629.0775,4.783251664825e-19,9.650014962634522e-17
9659.646,5.913947486052071e-19,7.291996320878719e-17
9690.2145,7.297084179361832e-19,6.01172369541361e-17
9720.783,5.201237289362549e-19,4.757319323334837e-17
9751.3515,4.569776562237853e-19,3.9228580212148044e-17
9781.92,6.610611306070506e-19,3.171753766525065e-17
9812.4885,7.057730317675048e-19,2.4144277296141027e-17
9843.057,6.751992057422104e-19,1.7704429964773962e-17
9873.6255,6.069832827052789e-19,1.3335297095567359e-17
9904.194,6.045953370023623e-19,9.720960812113134e-18
9934.7625,8.037748830254259e-19,7.480201930526621e-18
9965.331,6.240780791946778e-19,5.234333097418108e-18
9995.8995,5.577098108396288e-19,4.08807180413245e-18
10026.468,5.407748273185864e-19,2.7275164786355316e-18
10057.0365,6.460094347128798e-19,2.797446315646815e-18
10087.605,5.656065202697674e-19,2.151958542406044e-18
10118.1735,4.270102872108466e-19,1.8848255433101316e-18
10148.742,6.687703417961617e-19,1.902821074755288e-18
10179.3105,7.934935495252537e-19,1.9877329193617326e-18
10209.879,6.527515735648456e-19,1.6490908872390987e-18
10240.4475,5.598098880575154e-19,1.5649112860787493e-18
10271.016,6.088134157775063e-19,1.2481470264483442e-18
10301.5845,6.833737671209324e-19,1.3288049387296993e-18
10332.153,5.884122772520489e-19,1.4029577358006705e-18
10362.7215,5.243281395612413e-19,1.1218747053086793e-18
10393.29,6.109301026987367e-19,1.1115054710059117e-18
10423.8585,6.447122765022839e-19,1.358278151061763e-18
10454.427,5.963316425086031e-19,1.3156472566243162e-18
10484.9955,5.941552124396817e-19,1.0292462779663448e-18
10515.564,8.703319184744515e-19,1.7871775492418843e-18
10546.1325,1.071780969736676e-18,2.230024734466588e-18
10576.701000000001,8.414124862280444e-19,1.914229265235238e-18
10607.2695,9.54652205764514e-19,1.799984628960128e-18
10637.838,1.147284181834571e-18,1.995503809033109e-18
10668.406500000001,1.0798756455205458e-18,2.1544081612606366e-18
10698.975,8.994695605853013e-19,2.143319604578121e-18
10729.5435,1.0107370846557849e-18,1.9422970003564927e-18
10760.112000000001,8.766087677538963e-19,1.6273472986339518e-18
10790.6805,7.687821394653758e-19,1.8495811170938464e-18
10821.249,7.057097529020582e-19,1.81463926343961e-18
10851.817500000001,8.335301750838671e-19,1.6055183449454117e-18
10882.386,7.011497625009685e-19,1.4160234173909399e-18
10912.9545,6.914842234685444e-19,1.5459509134791751e-18
10943.523000000001,6.381638844725221e-19,1.4990387925373156e-18
10974.0915,6.60119328766596e-19,1.4114335522198189e-18
11004.66,6.860435830331772e-19,1.6804224753178669e-18
11035.228500000001,6.733075458832236e-19,1.6275151918770412e-18
11065.797,6.05706975503299e-19,1.5495251675218245e-18
11096.3655,7.175224282173713e-19,1.6949019823801647e-18
11126.934000000001,5.332655364929083e-19,1.5725090847550103e-18
11157.5025,5.528897477193332e-19,1.5268348746921447e-18
11188.071,5.212065291087055e-19,1.4882114128978308e-18
11218.639500000001,6.05587717516737e-19,1.7539427680724227e-18
11249.208,5.676243532574711e-19,1.4840828664288775e-18
11279.7765,5.511411376837666e-19,1.4553476105792324e-18
11310.345,5.338611601891024e-19,1.4237114034664052e-18
11340.9135,6.720064850036673e-19,1.7979830498453043e-18
11371.482,5.551200494138612e-19,1.453695966279569e-18
11402.0505,5.492126995598719e-19,1.49003843754555e-18
11432.619,5.089149836725007e-19,1.4379026960135787e-18
11463.1875,6.774417701646715e-19,1.7620374690526598e-18
11493.756,6.127570373817711e-19,1.6896382202263162e-18
11524.3245,5.686660808156148e-19,1.5611375500976132e-18
11554.893,5.147319346029986e-19,1.3580715882368777e-18
11585.4615,7.219807865385421e-19,2.1019884534650604e-18
11616.03,4.845376584194086e-19,1.5349000257427017e-18
11646.5985,5.377826477882168e-19,1.5121182266055333e-18
11677.167,4.76606748434723e-19,1.3001167779739957e-18
11707.7355,7.553333334418491e-19,1.956272940831242e-18
11738.304,4.6474035711472865e-19,1.3097268321671988e-18
11768.8725,4.550889162523875e-19,1.22601365997434e-18
11799.441,3.8302528882705997e-19,9.873074494412274e-19
11830.0095,7.328824491601599e-19,1.6930035143333157e-18
11860.578,5.569040498272683e-19,1.3916973550347664e-18
11891.1465,6.75206235371639e-19,1.6367367194399596e-18
11921.715,5.883094350988099e-19,1.3249529211021316e-18
11952.2835,8.553983911497938e-19,2.0384243912177986e-18
11982.852,5.987470655852371e-19,1.4237003306046882e-18
12013.4205,5.57038275875118e-19,1.3917516155057958e-18
12043.989,5.019980640551753e-19,1.2815771364542765e-18
12074.5575,7.892599005395836e-19,1.8486356099350305e-18
12105.126,6.175820853980174e-19,1.450068192170507e-18
12135.6945,6.108294381701018e-19,1.5396065627066625e-18
12166.263,6.241806321323157e-19,1.2679745446640166e-18
12196.8315,9.015849598877726e-19,2.014142081219208e-18
12227.4,6.72953833289222e-19,1.5109759584618061e-18
12257.9685,7.863228981239108e-19,1.5810730640340972e-18
12288.537,7.538975107794094e-19,1.6985782716443553e-18
12319.1055,9.38151633337902e-19,2.119850940005001e-18
12349.674,7.505379424615655e-19,1.8244481894740242e-18
12380.2425,7.159952897567608e-19,1.8760427887256643e-18
12410.811,8.444174390244064e-19,1.8186219382135633e-18
12441.379500000001,9.383405502655968e-19,1.9603575624645594e-18
12471.948,7.928517966748487e-19,1.6815359371604704e-18
12502.5165,8.551726517535848e-19,1.8110101581341307e-18
12533.085000000001,8.092333288916719e-19,1.5228301037094987e-18
12563.6535,8.681717886080193e-19,1.832852928822904e-18
12594.222,8.263412495802208e-19,1.6285692010810587e-18
12624.790500000001,8.78249375495128e-19,1.8600052924143375e-18
12655.359,8.239127586938458e-19,1.8603482843154062e-18
12685.9275,9.807805393772386e-19,1.9372706947198446e-18
12716.496000000001,8.37682164570027e-19,1.6435324226441603e-18
12747.0645,8.268146225277803e-19,1.8329589829152624e-18
12777.633,7.47497462449839e-19,1.6381318571012152e-18
12808.201500000001,8.3449752090794915e-19,1.883447344622191e-18
12838.77,5.051108399090705e-19,1.1504684432405842e-18
12869.3385,6.30650985478623e-19,1.3735604013143358e-18
12899.907000000001,5.738864572588992e-19,1.2548657110218967e-18
12930.4755,5.991824474335007e-19,1.4011492066430029e-18
12961.044,7.129583730499106e-19,1.8013667694684496e-18
12991.612500000001,7.732706259498728e-19,2.00551601887132e-18
13022.181,8.029194741515043e-19,1.7643414279310036e-18
13052.7495,7.613957129322505e-19,1.9822927079535835e-18
13083.318000000001,7.047971016699905e-19,1.8589393768364794e-18
13113.8865,8.406518226053212e-19,1.9126440109664487e-18
13144.455,7.637613124237509e-19,1.6622405948649983e-18
13175.023500000001,7.634051720980759e-19,1.9283757272538514e-18
13205.592,6.259012924767733e-19,1.617404654750074e-18
13236.1605,7.779408878274318e-19,1.8121157540426e-18
13266.729000000001,6.130790777134929e-19,1.5682603462422167e-18
13297.2975,5.510306371130912e-19,1.6294987689093473e-18
13327.866,5.019354262971301e-19,1.2500654815051003e-18
13358.4345,6.624832753148816e-19,1.5642519667580734e-18
13389.003,5.454642574632435e-19,1.2072686564712584e-18
13419.5715,4.806702638922063e-19,1.3204527115071847e-18
13450.14,4.2445434651718763e-19,1.215538425964968e-18
13480.7085,6.212883577332945e-19,1.3304277061249585e-18
13511.277,4.542647104921952e-19,1.0531142815134443e-18
13541.8455,3.66663248627795e-19,1.0906041619750472e-18
13572.414,3.270636738158625e-19,8.793612507748193e-19
13602.9825,4.346321261509535e-19,9.038532438052767e-19
13633.551,3.4735970933133243e-19,7.313778788145998e-19
13664.1195,2.6958067430182587e-19,8.087509509922265e-19
13694.688,3.2096644358066584e-19,6.124851163353617e-19
13725.2565,3.74227457349725e-19,8.147364915590998e-19
13755.825,2.606566698586408e-19,6.597178412954923e-19
13786.3935,1.894021459339061e-19,7.222716039250777e-19
13816.962,2.5959387880530107e-19,4.526516225874044e-19
13847.5305,2.937748621363755e-19,6.947586898140218e-19
13878.099,2.68605184364993e-19,5.425088191812139e-19
13908.6675,1.9642983975254399e-19,6.27573654627233e-19
13939.236,5.507102689496857e-19,1.3257619296277054e-18
13969.8045,6.720572844132192e-19,1.5754540577943132e-18
14000.373,5.510088666517392e-19,1.3626139708841656e-18
14030.9415,5.061725573397458e-19,1.3908053648375173e-18
14061.51,8.200030744639635e-19,1.7737014033458172e-18
14092.0785,9.813386130314996e-19,1.9988852329153225e-18
14122.647,7.425384237031993e-19,1.7604596164091247e-18
14153.2155,7.106520793528993e-19,1.9063976656209397e-18
14183.784,9.360131769146467e-19,1.9453807780689543e-18
14214.3525,9.91510130883467e-19,2.2168050010448697e-18
14244.921,8.822591495583e-19,1.9549702705336086e-18
14275.4895,7.57397363117178e-19,1.846566031021268e-18
14306.058,7.982632458739026e-19,1.826628028578107e-18
14336.6265,1.076361190166921e-18,1.99168954865836e-18
14367.195,1.0055666920105128e-18,1.746334913948528e-18
14397.763500000001,8.004089944265314e-19,1.810501737400783e-18
14428.332,6.2903564738082255e-19,1.6180691903278647e-18
14458.9005,7.308395812442598e-19,1.625967130244487e-18
14489.469000000001,6.3451932227963805e-19,1.5122740170105195e-18
14520.0375,6.414448282511209e-19,1.5439132657087835e-18
14550.606,8.5812972121620295e-19,1.955238936621428e-18
14581.174500000001,9.514946460621798e-19,1.9989703386039892e-18
14611.743,8.555763324833779e-19,1.9087495786903045e-18
14642.3115,8.4264279535687525e-19,1.80366268384178e-18
14672.880000000001,7.367996201292472e-19,1.5519373715221473e-18
14703.4485,5.979722615489893e-19,1.6708052996777726e-18
14734.017,6.701138156947765e-19,1.4543911499553663e-18
14764.585500000001,6.999212419039095e-19,1.5935004424489227e-18
14795.154,7.937461059405963e-19,1.7400937301115663e-18
14825.7225,8.388310215279745e-19,1.7049912616073157e-18
14856.291000000001,8.774789000740445e-19,1.457823853830812e-18
14886.8595,8.455689063646723e-19,1.656278118793387e-18
14917.428,7.030408911058087e-19,1.3792978100376688e-18
14947.996500000001,7.526158213901259e-19,1.4903042196679988e-18
14978.565,7.273241483376459e-19,1.5485013229702042e-18
15009.1335,7.967310067605699e-19,1.5531687594460015e-18
15039.702000000001,9.012511156929631e-19,1.8580133319541144e-18
15070.2705,9.831300245067885e-19,1.708171180327656e-18
15100.839,1.0377173884604024e-18,1.9363317451720443e-18
15131.407500000001,9.880337010187945e-19,1.892763143691606e-18
15161.976,8.56124033421264e-19,1.5243999116348617e-18
15192.5445,7.39829868440092e-19,1.489659715204375e-18
15223.113000000001,9.42384653297024e-19,1.7926622165262213e-18
15253.6815,8.860216176501357e-19,1.6141836272384646e-18
15284.25,8.300103355540755e-19,1.5141579511589323e-18
15314.818500000001,8.285962992311076e-19,1.4478127012531106e-18
15345.387,1.0137307833822532e-18,1.6025279651825606e-18
15375.9555,9.182833602801323e-19,1.4839817731389732e-18
15406.524,8.193836021265927e-19,1.3555029865244462e-18
15437.0925,7.733890640920411e-19,1.3238914715876918e-18
15467.661,9.677003432864154e-19,1.534605647133441e-18
15498.2295,8.391414951043892e-19,1.4520654303656228e-18
15528.798,8.777678850300468e-19,1.6525225808557482e-18
15559.3665,8.322961828433121e-19,1.4028948374447394e-18
15589.935,9.84146729491541e-19,1.8307452369475125e-18
15620.5035,9.158910999313932e-19,1.8456047023514355e-18
15651.072,8.74780332383188e-19,1.3645100731605378e-18
15681.6405,6.515506703701823e-19,1.3378837122372551e-18
15712.209,9.053616609158658e-19,1.3651435926078097e-18
15742.7775,8.500974522921809e-19,1.6466940541916595e-18
15773.346,7.735938536153487e-19,1.2961833511210416e-18
15803.9145,7.867930001273519e-19,1.2735470733340932e-18
15834.483,8.240459988673488e-19,1.3058179577335958e-18
15865.0515,8.649135997364657e-19,1.4180322629953128e-18
15895.62,7.181596415457556e-19,1.2935099831319618e-18
15926.1885,7.737349624157636e-19,1.3376793046212265e-18
15956.757,8.121145827029042e-19,1.2134913696987986e-18
15987.3255,7.953457168075743e-19,1.4332159751754892e-18
16017.894,7.761590644557934e-19,1.495023323277637e-18
16048.4625,7.686930855035639e-19,1.56429376182883e-18
16079.031,8.529235879347141e-19,1.507428498893179e-18
16109.5995,7.821556244635325e-19,1.599551879954051e-18
16140.168,5.516687190446548e-19,9.896934520484053e-19
16170.7365,5.631745675359002e-19,1.0190081341045442e-18
16201.305,6.818761682365046e-19,9.69631952030637e-19
16231.8735,6.0720722249929355e-19,1.0777043783697116e-18
16262.442000000001,6.665903430947572e-19,9.753672479645315e-19
16293.0105,5.97640032005181e-19,9.53391394430409e-19
16323.579,6.675045429037982e-19,1.0773354964876044e-18
16354.147500000001,6.018521818241817e-19,1.0697125518449523e-18
16384.716,5.11254425183559e-19,8.06033036195408e-19
16415.2845,5.335186528612563e-19,8.2202495505092e-19
16445.853,5.277988200894923e-19,7.20493135245217e-19
16476.4215,4.765328625027804e-19,9.22049921682254e-19
16506.99,6.2966583070308445e-19,9.399077299795963e-19
16537.5585,5.606263441026246e-19,8.868003619001118e-19
16568.127,5.932058173047231e-19,8.700757943313805e-19
16598.6955,6.120083266312217e-19,8.827059985546613e-19
16629.264,7.316254523812687e-19,1.0741922609903338e-18
16659.8325,7.552750667548937e-19,8.726077765226823e-19
16690.401,8.451444743726089e-19,1.006628184539272e-18
16720.9695,8.448371748464227e-19,1.0664796495562117e-18
16751.538,7.567416521755764e-19,9.808577600807585e-19
16782.1065,6.89350708098844e-19,9.022586901733485e-19
16812.675,6.599921618974461e-19,9.270201279923622e-19
16843.2435,8.462980609539629e-19,1.2481501247524956e-18
16873.812,7.110877554619957e-19,9.908308156520652e-19
16904.3805,6.131265388941437e-19,8.178968087529881e-19
16934.949,6.750569099420038e-19,9.528475212128441e-19
16965.5175,7.720576042480546e-19,1.2086053184650839e-18
16996.086,6.222885334967012e-19,1.0464462376051904e-18
17026.6545,5.888717885911376e-19,1.0113606927017493e-18
17057.223,6.191398796614252e-19,1.1531593765891841e-18
17087.7915,8.500822527218473e-19,1.3315065131114781e-18
17118.36,9.371878559699325e-19,1.4782328830138843e-18
17148.9285,9.177174339681372e-19,1.4041337607948866e-18
17179.497,1.0063622630788039e-18,1.722806731930448e-18
17210.0655,1.1883904931321194e-18,1.7145167861948921e-18
17240.634000000002,7.092042074632917e-19,1.2135906561767844e-18
17271.2025,5.633415147367184e-19,1.0898575838952284e-18
17301.771,6.951396164130772e-19,1.0174356367940452e-18
17332.339500000002,7.4133178281917135e-19,1.198556360212269e-18
17362.908,6.131174719845288e-19,1.1550850758904543e-18
17393.4765,6.222206946829671e-19,1.014717184197843e-18
17424.045000000002,7.133674782685119e-19,1.1947524965847678e-18
17454.6135,7.395503070176966e-19,1.2547709607497153e-18
17485.182,6.560329516959055e-19,1.157146919891437e-18
17515.750500000002,5.638219000416175e-19,1.1193175388784414e-18
17546.319,6.302612936931972e-19,1.1183256115615554e-18
17576.8875,6.366848637131706e-19,1.117563092021641e-18
17607.456000000002,5.699001628624513e-19,1.1076238038890442e-18
17638.0245,4.674608084885393e-19,9.281246828596146e-19
17668.593,5.714757468360925e-19,9.877422961337844e-19
17699.161500000002,4.3063347925473617e-19,8.939065915800175e-19
17729.73,3.3242515740955365e-19,7.820445676609103e-19
17760.2985,2.9636900669624347e-19,6.2390994431032755e-19
17790.867000000002,4.407518357488607e-19,6.761547532336417e-19
17821.4355,3.91328289055567e-19,7.242954693934958e-19
17852.004,3.9532996301531545e-19,6.436465466396532e-19
17882.572500000002,3.3416118639041456e-19,4.628751741326405e-19
17913.141,4.359307706827802e-19,5.832277965710532e-19
17943.7095,3.819178088826228e-19,4.634704590287409e-19
17974.278000000002,3.5898859883800807e-19,4.900667030759894e-19
18004.8465,2.912121260021406e-19,5.051942467974044e-19
18035.415,3.8929525822875084e-19,6.470494265864219e-19
18065.983500000002,3.715376951802951e-19,4.420536105661556e-19
18096.552,3.372165461574523e-19,3.813286888898129e-19
18127.1205,2.614918466797068e-19,3.9495793871172414e-19
18157.689000000002,4.310203045051585e-19,4.440059916323812e-19
18188.2575,3.098249592258453e-19,3.7704426007916592e-19
18218.826,4.068438479894015e-19,5.200308813944417e-19
18249.394500000002,3.732741498297002e-19,5.305229550823534e-19
18279.963,4.96498509065326e-19,6.64187081298023e-19
18310.5315,5.53698218939408e-19,6.065864267514265e-19
18341.100000000002,1.0221231267028158e-18,1.2763519492214622e-18
18371.6685,7.292727358544234e-19,1.1511208204593326e-18
18402.237,8.617411776477481e-19,1.6667163706894476e-18
18432.805500000002,8.7826107241158e-19,1.5089642367243143e-18
18463.374,9.788515169356165e-19,1.4729120733136212e-18
18493.9425,8.961681510872427e-19,1.5942095788072914e-18
18524.511,1.1485325982535957e-18,1.6910002898730472e-18
18555.0795,1.0844264150684001e-18,1.7850077446356062e-18
18585.648,8.41158184507308e-19,1.5502359458880627e-18
18616.2165,1.0789342330773537e-18,1.6334192517247049e-18
18646.785,1.1693715225730735e-18,1.6056933310659082e-18
18677.3535,1.0086819363258789e-18,1.5236550215727905e-18
18707.922,8.91292324136633e-19,1.5238847586568423e-18
18738.4905,8.526295598631966e-19,1.6655160211493495e-18
18769.059,7.337993457499586e-19,1.4895060882231609e-18
18799.6275,8.60570363052331e-19,1.2522983011440605e-18
18830.196,7.598416437728509e-19,1.5629641484401321e-18
18860.7645,9.593356749253904e-19,1.6487884957006028e-18
18891.333,9.34650385404867e-19,1.8550964826261983e-18
18921.9015,8.037485743593755e-19,1.4504345485958816e-18
18952.47,6.500219326687462e-19,1.074754369828755e-18
18983.0385,6.519455025526128e-19,1.5235572753494441e-18
19013.607,7.333031353014093e-19,1.4598007826842406e-18
19044.1755,7.100171154799829e-19,1.3476511912688069e-18
19074.744,7.295382590813633e-19,1.4833660471663737e-18
19105.3125,8.813663972734397e-19,1.9234419883386737e-18
19135.881,9.060154600446547e-19,2.0636327707164135e-18
19166.4495,8.963912174191896e-19,1.65921581882914e-18
19197.018,6.477945721488366e-19,1.46393354061657e-18
19227.5865,6.596697381251584e-19,1.4204933606822703e-18
19258.155,6.842395702155565e-19,1.7508334313592006e-18
19288.7235,7.239907035131027e-19,1.5427070118494472e-18
19319.292,6.124401425976095e-19,1.178840095808203e-18
19349.8605,6.827742950620314e-19,1.1818749220639758e-18
19380.429,7.932124274025144e-19,1.6065447741994584e-18
19410.9975,8.529738787813286e-19,1.311561170422435e-18
19441.566,5.991372717637338e-19,8.837398182048538e-19
19472.1345,6.620204609456491e-19,1.0247584071425469e-18
19502.703,6.417317730217762e-19,1.4632397814571372e-18
19533.2715,8.67582674866154e-19,1.1547178274951524e-18
19563.84,8.918956817861633e-19,1.6277654323339602e-18
19594.4085,9.985565392273495e-19,1.6091690689319763e-18
19624.977,1.1045757098197786e-18,1.8444138763137172e-18
19655.5455,1.0250992616738586e-18,1.5414285926751759e-18
19686.114,8.062939309244049e-19,1.552800597945009e-18
19716.6825,9.204170404607873e-19,1.4691499467305538e-18
19747.251,9.705734560555421e-19,1.9371274289037707e-18
19777.8195,8.954515254648179e-19,1.5647300524133199e-18
19808.388,8.112533478072477e-19,1.5292329106279177e-18
19838.9565,8.732952543551447e-19,1.5161330581158617e-18
19869.525,8.446712546318505e-19,1.6405268446628351e-18
19900.0935,6.756689776001811e-19,1.3104911521797543e-18
19930.662,6.184109035914669e-19,1.19811495617767e-18
19961.2305,8.865805368060509e-19,1.4497655436426338e-18
19991.799,7.666910940211024e-19,1.6128852839623992e-18
20022.3675,6.401992194359207e-19,1.0234870134648095e-18
20052.936,6.750820219491277e-19,1.3968965747233341e-18
20083.5045,7.758427110250879e-19,1.5461360520751026e-18
20114.073,8.4273153633461675e-19,1.5587762729814032e-18
20144.6415,5.311038376729396e-19,1.2178447875516926e-18
20175.21,8.629489932752777e-19,1.8575356411146072e-18
20205.7785,1.0533830762259978e-18,1.809585811157248e-18
