t_local_rest_days,r_pc,T_number_mean_K
0.0,0.2658959224150969,1.534900939385576
10.0,0.2658959224150969,1.5828823291146783
20.0,0.2658959224150969,1.590562724787102
30.0,0.2658959224150969,1.5142298905343834
40.0,0.2658959224150969,1.4378970562816649
50.0,0.2658959224150969,1.3955823822878746
60.0,0.2658959224150969,1.4241834657427521
70.0,0.2658959224150969,1.45278454919763
80.0,0.2658959224150969,1.4794023440878523
90.0,0.2658959224150969,1.501885688151479
100.0,0.2658959224150969,1.5243690322151056
110.0,0.2658959224150969,1.5215397204551322
120.0,0.2658959224150969,1.4659425298003284
130.0,0.2658959224150969,1.4103453391455245
140.0,0.2658959224150969,1.2912460916973458
150.0,0.2658959224150969,1.0397676555225033
160.0,0.2658959224150969,0.7882892193476609
170.0,0.2658959224150969,0.7133037826104525
180.0,0.2658959224150969,1.006243437772424
190.0,0.2658959224150969,1.2991830929343957
200.0,0.2658959224150969,1.495341636356127
210.0,0.2658959224150969,1.4897460051386797
220.0,0.2658959224150969,1.4841503739212325
230.0,0.2658959224150969,29.102080888836344
240.0,0.2658959224150969,114.30523250758672
250.0,0.2658959224150969,199.5083841263371
260.0,0.2658959224150969,302.27012135367835
270.0,0.2658959224150969,441.6352606663428
280.0,0.2658959224150969,581.0003999790072
290.0,0.2658959224150969,698.2476135913985
300.0,0.2658959224150969,769.3868236465846
310.0,0.2658959224150969,840.5260337017709
320.0,0.2658959224150969,897.733450982934
330.0,0.2658959224150969,925.8980385029422
340.0,0.2658959224150969,954.0626260229506
350.0,0.2658959224150969,976.210160202968
360.0,0.2658959224150969,985.8142795725831
370.0,0.2658959224150969,995.4183989421982
380.0,0.2658959224150969,1002.3989496219983
390.0,0.2658959224150969,1003.9102932829386
400.0,0.2658959224150969,1005.4216369438789
410.0,0.2658959224150969,1005.7633281158473
420.0,0.2658959224150969,1003.6667101148388
430.0,0.2658959224150969,1001.5700921138304
440.0,0.2658959224150969,998.9712119374533
450.0,0.2658959224150969,995.3252938750479
460.0,0.2658959224150969,991.6793758126425
470.0,0.2658959224150969,987.8059224061877
480.0,0.2658959224150969,983.4581387847302
490.0,0.2658959224150969,979.1103551632725
500.0,0.2658959224150969,974.6461354609263
510.0,0.2658959224150969,969.9391879682552
520.0,0.2658959224150969,965.232240475584
530.0,0.2658959224150969,960.4612535562968
540.0,0.2658959224150969,955.5567672234463
550.0,0.2658959224150969,950.6522808905958
560.0,0.2658959224150969,945.7145716057988
570.0,0.2658959224150969,940.707604289879
580.0,0.2658959224150969,935.7006369739591
590.0,0.2658959224150969,930.6805314063593
600.0,0.2658959224150969,925.6330372597664
610.0,0.2658959224150969,920.5855431131736
620.0,0.2658959224150969,915.537646638142
630.0,0.2658959224150969,910.4889114514997
640.0,0.2658959224150969,905.4401762648574
650.0,0.2658959224150969,900.3990619519867
660.0,0.2658959224150969,895.373834448744
670.0,0.2658959224150969,890.3486069455013
680.0,0.2658959224150969,885.3358090469849
690.0,0.2658959224150969,880.3489224507628
700.0,0.2658959224150969,875.3620358545406
710.0,0.2658959224150969,870.3926532121794
720.0,0.2658959224150969,865.4597600841524
730.0,0.2658959224150969,860.5268669561256
740.0,0.2658959224150969,855.6150022738827
750.0,0.2658959224150969,850.746974417306
760.0,0.2658959224150969,845.8789465607293
770.0,0.2658959224150969,841.0341511124785
780.0,0.2658959224150969,836.2377869674272
790.0,0.2658959224150969,831.4414228223759
800.0,0.2658959224150969,826.668380318893
810.0,0.2658959224150969,821.9439551381631
820.0,0.2658959224150969,817.2195299574332
830.0,0.2658959224150969,812.5228097658905
840.0,0.2658959224150969,807.8838446169005
850.0,0.2658959224150969,803.2448794679107
860.0,0.2658959224150969,798.6366483473406
870.0,0.2658959224150969,794.0924867381218
880.0,0.2658959224150969,789.5483251289029
890.0,0.2658959224150969,785.03330141614
900.0,0.2658959224150969,780.5790198476292
910.0,0.2658959224150969,776.1247382791183
920.0,0.2658959224150969,771.6945838275958
930.0,0.2658959224150969,767.3147258284172
940.0,0.2658959224150969,762.9348678292384
950.0,0.2658959224150969,758.5794442185763
960.0,0.2658959224150969,754.2749576120397
970.0,0.2658959224150969,749.970471005503
980.0,0.2658959224150969,745.6912765078465
990.0,0.2658959224150969,741.4648070560203
1000.0,0.2658959224150969,737.238337604194
1010.0,0.2658959224150969,733.0371046048655
1020.0,0.2658959224150969,728.8884806276169
1030.0,0.2658959224150969,724.7398566503683
1040.0,0.2658959224150969,720.6166680496069
1050.0,0.2658959224150969,716.5465031566492
1060.0,0.2658959224150969,712.4763382636914
1070.0,0.2658959224150969,708.4295455948186
1080.0,0.2658959224150969,704.4314756952438
1090.0,0.2658959224150969,700.4334057956689
1100.0,0.2658959224150969,696.4569984601486
1110.0,0.2658959224150969,692.525749861212
1120.0,0.2658959224150969,688.5945012622755
1130.0,0.2658959224150969,684.6838564906608
1140.0,0.2658959224150969,680.8161633663357
1150.0,0.2658959224150969,676.9484702420104
1160.0,0.2658959224150969,673.1036444042626
1170.0,0.2658959224150969,669.3064887208113
1180.0,0.2658959224150969,665.5093330373601
1190.0,0.2658959224150969,661.7373790214349
1200.0,0.2658959224150969,658.0179615133037
1210.0,0.2658959224150969,654.2985440051725
1220.0,0.2658959224150969,650.6051737750008
1230.0,0.2658959224150969,646.9661028494334
1240.0,0.2658959224150969,643.3270319238659
1250.0,0.2658959224150969,639.7147804437831
1260.0,0.2658959224150969,636.1584379627886
1270.0,0.2658959224150969,632.6020954817942
1280.0,0.2658959224150969,629.0720526013705
1290.0,0.2658959224150969,625.5968350283963
1300.0,0.2658959224150969,622.1216174554222
1310.0,0.2658959224150969,618.6705464583467
1320.0,0.2658959224150969,615.2698124785178
1330.0,0.2658959224150969,611.8690784986889
1340.0,0.2658959224150969,608.4934418993572
1350.0,0.2658959224150969,605.1701244064791
1360.0,0.2658959224150969,601.8468069136011
1370.0,0.2658959224150969,598.5481555518253
1380.0,0.2658959224150969,595.3009242949917
1390.0,0.2658959224150969,592.053693038158
1400.0,0.2658959224150969,588.8294736622257
1410.0,0.2658959224150969,585.6532258682957
1420.0,0.2658959224150969,582.4769780743659
1430.0,0.2658959224150969,579.3232985874972
1440.0,0.2658959224150969,576.2166659890379
1450.0,0.2658959224150969,573.1100333905786
1460.0,0.2658959224150969,570.0253746301771
1470.0,0.2658959224150969,566.986523501878
1480.0,0.2658959224150969,563.9476723735787
1490.0,0.2658959224150969,560.9309148071679
1500.0,0.2658959224150969,557.9602144544372
1510.0,0.2658959224150969,554.9895141017064
1520.0,0.2658959224150969,552.0416819560079
1530.0,0.2658959224150969,549.1415218834272
1540.0,0.2658959224150969,546.2413618108465
1550.0,0.2658959224150969,543.3649067362679
1560.0,0.2658959224150969,540.5378681461743
1570.0,0.2658959224150969,537.7108295560807
1580.0,0.2658959224150969,534.9081383866621
1590.0,0.2658959224150969,532.1562029243698
1600.0,0.2658959224150969,529.4042674620775
1610.0,0.2658959224150969,526.6769866233687
1620.0,0.2658959224150969,524.0011019005207
1630.0,0.2658959224150969,521.3252171776727
1640.0,0.2658959224150969,518.6740354349877
1650.0,0.2658959224150969,516.0743506144223
1660.0,0.2658959224150969,513.4746657938568
1670.0,0.2658959224150969,510.8995615815417
1680.0,0.2658959224150969,508.3756991894589
1690.0,0.2658959224150969,505.851836797376
1700.0,0.2658959224150969,503.35235088039343
1710.0,0.2658959224150969,500.90368123867404
1720.0,0.2658959224150969,498.45501159695465
1730.0,0.2658959224150969,496.0304794454318
1740.0,0.2658959224150969,493.6562653707
1750.0,0.2658959224150969,491.28205129596813
1760.0,0.2658959224150969,488.93170836177535
1770.0,0.2658959224150969,486.6311282601285
1780.0,0.2658959224150969,484.33054815848163
1790.0,0.2658959224150969,482.05351849856106
1800.0,0.2658959224150969,479.8255831282951
1810.0,0.2658959224150969,477.59764775802904
1820.0,0.2658959224150969,475.392923041484
1830.0,0.2658959224150969,473.2365842775291
1840.0,0.2658959224150969,471.08024551357425
1850.0,0.2658959224150969,468.9467398510677
1860.0,0.2658959224150969,466.86083307902993
1870.0,0.2658959224150969,464.7749263069921
1880.0,0.2658959224150969,462.71143714768584
1890.0,0.2658959224150969,460.6946807327416
1900.0,0.2658959224150969,458.6779243177973
1910.0,0.2658959224150969,456.6831447864531
1920.0,0.2658959224150969,454.7341792360825
1930.0,0.2658959224150969,452.78521368571194
1940.0,0.2658959224150969,450.8577661962113
1950.0,0.2658959224150969,448.9751762055818
1960.0,0.2658959224150969,447.09258621495235
1970.0,0.2658959224150969,445.2310141390872
1980.0,0.2658959224150969,443.4132569354597
1990.0,0.2658959224150969,441.59549973183215
2000.0,0.2658959224150969,439.79824349924996
2010.0,0.2658959224150969,438.0437244952261
2020.0,0.2658959224150969,436.28920549120227
2030.0,0.2658959224150969,434.55560189977103
2040.0,0.2658959224150969,432.8655995000286
2050.0,0.2658959224150969,431.17559710028627
2060.0,0.2658959224150969,429.5121008785583
2070.0,0.2658959224150969,427.90386060473134
2080.0,0.2658959224150969,426.29562033090446
2090.0,0.2658959224150969,424.7132080161794
2100.0,0.2658959224150969,423.1846378042935
2110.0,0.2658959224150969,421.6560675924077
2120.0,0.2658959224150969,420.1565898918843
2130.0,0.2658959224150969,418.7177597238452
2140.0,0.2658959224150969,417.27892955580603
2150.0,0.2658959224150969,415.8626279438858
2160.0,0.2658959224150969,414.49329035380663
2170.0,0.2658959224150969,413.1239527637274
2180.0,0.2658959224150969,411.77017350769114
2190.0,0.2658959224150969,410.4488278410934
2200.0,0.2658959224150969,409.12748217449564
2210.0,0.2658959224150969,407.8289440433043
2220.0,0.2658959224150969,406.5779515064829
2230.0,0.2658959224150969,405.32695896966146
2240.0,0.2658959224150969,404.1135376771209
2250.0,0.2658959224150969,402.9784390577111
2260.0,0.2658959224150969,401.8433404383013
2270.0,0.2658959224150969,400.73844233599056
2280.0,0.2658959224150969,399.6965015637976
2290.0,0.2658959224150969,398.65456079160464
2300.0,0.2658959224150969,397.63539848849786
2310.0,0.2658959224150969,396.66372118682773
2320.0,0.2658959224150969,395.6920438851576
2330.0,0.2658959224150969,394.7176154023111
2340.0,0.2658959224150969,393.73745168582707
2350.0,0.2658959224150969,392.75728796934305
2360.0,0.2658959224150969,391.7622626374954
2370.0,0.2658959224150969,390.7362561267008
2380.0,0.2658959224150969,389.7102496159063
2390.0,0.2658959224150969,388.6874950321086
2400.0,0.2658959224150969,387.671519558774
2410.0,0.2658959224150969,386.6555440854394
2420.0,0.2658959224150969,385.66764363315383
2430.0,0.2658959224150969,384.7382696081627
2440.0,0.2658959224150969,383.8088955831716
2450.0,0.2658959224150969,382.8977666448786
2460.0,0.2658959224150969,382.02467221912434
2470.0,0.2658959224150969,381.1515777933701
2480.0,0.2658959224150969,380.2787736518781
2490.0,0.2658959224150969,379.40657464976397
2500.0,0.2658959224150969,378.53437564764977
2510.0,0.2658959224150969,377.65820566013383
2520.0,0.2658959224150969,376.77375758128545
2530.0,0.2658959224150969,375.88930950243713
2540.0,0.2658959224150969,375.00437820834577
2550.0,0.2658959224150969,374.1184395824437
2560.0,0.2658959224150969,373.2325009565417
2570.0,0.2658959224150969,372.3746627124085
2580.0,0.2658959224150969,371.5754037636448
2590.0,0.2658959224150969,370.7761448148811
2600.0,0.2658959224150969,370.0342349216621
2610.0,0.2658959224150969,369.41187739935214
2620.0,0.2658959224150969,368.78951987704215
2630.0,0.2658959224150969,368.1972417347801
2640.0,0.2658959224150969,367.66766839499553
2650.0,0.2658959224150969,367.1380950552109
2660.0,0.2658959224150969,366.590211842656
2670.0,0.2658959224150969,366.00415906165836
2680.0,0.2658959224150969,365.4181062806607
2690.0,0.2658959224150969,364.8149425385268
2700.0,0.2658959224150969,364.1761085320276
2710.0,0.2658959224150969,363.53727452552846
2720.0,0.2658959224150969,362.90280000676063
2730.0,0.2658959224150969,362.2774134684185
2740.0,0.2658959224150969,361.65202693007643
2750.0,0.2658959224150969,361.04220241065934
2760.0,0.2658959224150969,360.4648191623486
2770.0,0.2658959224150969,359.88743591403784
2780.0,0.2658959224150969,359.3065616354017
2790.0,0.2658959224150969,358.7184098009565
2800.0,0.2658959224150969,358.13025796651135
2810.0,0.2658959224150969,357.5156502907555
2820.0,0.2658959224150969,356.84589160121163
2830.0,0.2658959224150969,356.17613291166776
2840.0,0.2658959224150969,355.496831708814
2850.0,0.2658959224150969,354.79763776178544
2860.0,0.2658959224150969,354.0984438147568
2870.0,0.2658959224150969,353.41845358929544
2880.0,0.2658959224150969,352.7784962889071
2890.0,0.2658959224150969,352.1385389885188
2900.0,0.2658959224150969,351.5083098575634
2910.0,0.2658959224150969,350.8983604977265
2920.0,0.2658959224150969,350.2884111378896
2930.0,0.2658959224150969,349.67304997259134
2940.0,0.2658959224150969,349.0464071189085
2950.0,0.2658959224150969,348.4197642652257
2960.0,0.2658959224150969,347.7922354412047
2970.0,0.2658959224150969,347.16285968433573
2980.0,0.2658959224150969,346.5334839274668
2990.0,0.2658959224150969,345.9001790344505
3000.0,0.2658959224150969,345.25868329090343
3010.0,0.2658959224150969,344.61718754735637
3020.0,0.2658959224150969,343.9720315563982
3030.0,0.2658959224150969,343.31924525222996
3040.0,0.2658959224150969,342.66645894806175
3050.0,0.2658959224150969,342.0189571585055
3060.0,0.2658959224150969,341.38247170121423
3070.0,0.2658959224150969,340.74598624392297
3080.0,0.2658959224150969,340.11928964379683
3090.0,0.2658959224150969,339.5129993271126
3100.0,0.2658959224150969,338.9067090104284
3110.0,0.2658959224150969,338.301566337126
3120.0,0.2658959224150969,337.6988160918409
3130.0,0.2658959224150969,337.0960658465558
3140.0,0.2658959224150969,336.4868937867043
3150.0,0.2658959224150969,335.86433452893544
3160.0,0.2658959224150969,335.24177527116655
3170.0,0.2658959224150969,334.61408826060506
3180.0,0.2658959224150969,333.9757117103819
3190.0,0.2658959224150969,333.33733516015883
3200.0,0.2658959224150969,332.69395933628687
3210.0,0.2658959224150969,332.0401618060439
3220.0,0.2658959224150969,331.38636427580093
3230.0,0.2658959224150969,330.7318057249949
3240.0,0.2658959224150969,330.0756607171538
3250.0,0.2658959224150969,329.4195157093128
3260.0,0.2658959224150969,328.7655204871845
3270.0,0.2658959224150969,328.116006803182
3280.0,0.2658959224150969,327.4664931191795
3290.0,0.2658959224150969,326.81984475939953
3300.0,0.2658959224150969,326.17916958088585
3310.0,0.2658959224150969,325.53849440237224
3320.0,0.2658959224150969,324.90393031031806
3330.0,0.2658959224150969,324.2821056586631
3340.0,0.2658959224150969,323.6602810070081
3350.0,0.2658959224150969,323.0484444006014
3360.0,0.2658959224150969,322.4574293139013
3370.0,0.2658959224150969,321.8664142272012
3380.0,0.2658959224150969,321.2887210215416
3390.0,0.2658959224150969,320.7387991967398
3400.0,0.2658959224150969,320.1888773719381
3410.0,0.2658959224150969,319.64331286327644
3420.0,0.2658959224150969,319.10683180804597
3430.0,0.2658959224150969,318.5703507528155
3440.0,0.2658959224150969,318.0350919570524
3450.0,0.2658959224150969,317.5023811372898
3460.0,0.2658959224150969,316.96967031752723
3470.0,0.2658959224150969,316.43818328080437
3480.0,0.2658959224150969,315.90924739618833
3490.0,0.2658959224150969,315.38031151157236
3500.0,0.2658959224150969,314.85663922621006
3510.0,0.2658959224150969,314.34393967203437
3520.0,0.2658959224150969,313.83124011785867
3530.0,0.2658959224150969,313.3271061438496
3540.0,0.2658959224150969,312.84082835609155
3550.0,0.2658959224150969,312.3545505683335
3560.0,0.2658959224150969,311.8693061267837
3570.0,0.2658959224150969,311.3862158443216
3580.0,0.2658959224150969,310.90312556185944
3590.0,0.2658959224150969,310.4147755030506
3600.0,0.2658959224150969,309.9154606824556
3610.0,0.2658959224150969,309.4161458618607
3620.0,0.2658959224150969,308.91289958918793
3630.0,0.2658959224150969,308.4014576380938
3640.0,0.2658959224150969,307.8900156869997
3650.0,0.2658959224150969,307.3812939356486
3660.0,0.2658959224150969,306.8782428326724
3670.0,0.2658959224150969,306.3751917296962
3680.0,0.2658959224150969,305.8740035305609
3690.0,0.2658959224150969,305.3766988229467
3700.0,0.2658959224150969,304.87939411533245
3710.0,0.2658959224150969,304.38153795673304
3720.0,0.2658959224150969,303.88253221908485
3730.0,0.2658959224150969,303.38352648143666
3740.0,0.2658959224150969,302.88691922043125
3750.0,0.2658959224150969,302.39531192963454
3760.0,0.2658959224150969,301.90370463883784
3770.0,0.2658959224150969,301.4186261550208
3780.0,0.2658959224150969,300.9471579102253
3790.0,0.2658959224150969,300.47568966542985
3800.0,0.2658959224150969,300.01144618852464
3810.0,0.2658959224150969,299.56226378145453
3820.0,0.2658959224150969,299.1130813743844
3830.0,0.2658959224150969,298.6682498735953
3840.0,0.2658959224150969,298.23248846396194
3850.0,0.2658959224150969,297.7967270543286
3860.0,0.2658959224150969,297.36016568668043
3870.0,0.2658959224150969,296.9219366912677
3880.0,0.2658959224150969,296.483707695855
3890.0,0.2658959224150969,296.04416723995604
3900.0,0.2658959224150969,295.60189285567753
3910.0,0.2658959224150969,295.159618471399
3920.0,0.2658959224150969,294.7200820295492
3930.0,0.2658959224150969,294.2862532232594
3940.0,0.2658959224150969,293.8524244169696
3950.0,0.2658959224150969,293.42306141171855
3960.0,0.2658959224150969,293.0030080123035
3970.0,0.2658959224150969,292.5829546128885
3980.0,0.2658959224150969,292.16450079837745
3990.0,0.2658959224150969,291.7493815491166
4000.0,0.2658959224150969,291.33426229985577
4010.0,0.2658959224150969,290.9201939850051
4020.0,0.2658959224150969,290.5083164943837
4030.0,0.2658959224150969,290.09643900376227
4040.0,0.2658959224150969,289.68614868586087
4050.0,0.2658959224150969,289.2791670582234
4060.0,0.2658959224150969,288.8721854305859
4070.0,0.2658959224150969,288.46660871385234
4080.0,0.2658959224150969,288.0639607363612
4090.0,0.2658959224150969,287.66131275887
4100.0,0.2658959224150969,287.26006112180585
4110.0,0.2658959224150969,286.8617203575898
4120.0,0.2658959224150969,286.4633795933737
4130.0,0.2658959224150969,286.06948588436074
4140.0,0.2658959224150969,285.68486270278794
4150.0,0.2658959224150969,285.3002395212152
4160.0,0.2658959224150969,284.91878420610965
4170.0,0.2658959224150969,284.54393276517936
4180.0,0.2658959224150969,284.1690813242491
4190.0,0.2658959224150969,283.7970582079231
4200.0,0.2658959224150969,283.4309311418273
4210.0,0.2658959224150969,283.0648040757315
4220.0,0.2658959224150969,282.699666766959
4230.0,0.2658959224150969,282.3365927499618
4240.0,0.2658959224150969,281.97351873296464
4250.0,0.2658959224150969,281.6094794901436
4260.0,0.2658959224150969,281.24342809499313
4270.0,0.2658959224150969,280.87737669984267
4280.0,0.2658959224150969,280.51205670599757
4290.0,0.2658959224150969,280.1482614235764
4300.0,0.2658959224150969,279.78446614115524
4310.0,0.2658959224150969,279.42407432776497
4320.0,0.2658959224150969,279.07077753604665
4330.0,0.2658959224150969,278.7174807443283
4340.0,0.2658959224150969,278.36712765503506
4350.0,0.2658959224150969,278.0229111376664
4360.0,0.2658959224150969,277.6786946202978
4370.0,0.2658959224150969,277.33686525641093
4380.0,0.2658959224150969,277.0000122579716
4390.0,0.2658959224150969,276.66315925953234
4400.0,0.2658959224150969,276.32701804121587
4410.0,0.2658959224150969,275.9923606311408
4420.0,0.2658959224150969,275.6577032210657
4430.0,0.2658959224150969,275.3246548062172
4440.0,0.2658959224150969,274.9949605737925
4450.0,0.2658959224150969,274.66526634136784
4460.0,0.2658959224150969,274.3388526150549
4470.0,0.2658959224150969,274.0192775764887
4480.0,0.2658959224150969,273.6997025379225
4490.0,0.2658959224150969,273.3802067681143
4500.0,0.2658959224150969,273.06087624545563
4510.0,0.2658959224150969,272.7415457227969
4520.0,0.2658959224150969,272.4205388155983
4530.0,0.2658959224150969,272.0960372432409
4540.0,0.2658959224150969,271.77153567088357
4550.0,0.2658959224150969,271.4464293532961
4560.0,0.2658959224150969,271.1200623571261
4570.0,0.2658959224150969,270.7936953609561
4580.0,0.2658959224150969,270.46869059629915
4590.0,0.2658959224150969,270.14652559954357
4600.0,0.2658959224150969,269.82436060278803
4610.0,0.2658959224150969,269.5049980403056
4620.0,0.2658959224150969,269.1914775559271
4630.0,0.2658959224150969,268.8779570715486
4640.0,0.2658959224150969,268.5657827172075
4650.0,0.2658959224150969,268.2564145649214
4660.0,0.2658959224150969,267.94704641263525
4670.0,0.2658959224150969,267.6388781924488
4680.0,0.2658959224150969,267.3332114036473
4690.0,0.2658959224150969,267.02754461484585
4700.0,0.2658959224150969,266.7237905060711
4710.0,0.2658959224150969,266.42402365445037
4720.0,0.2658959224150969,266.12425680282956
4730.0,0.2658959224150969,265.82501994172236
4740.0,0.2658959224150969,265.5268879222181
4750.0,0.2658959224150969,265.22875590271383
4760.0,0.2658959224150969,264.9305264622723
4770.0,0.2658959224150969,264.63209393384767
4780.0,0.2658959224150969,264.33366140542296
4790.0,0.2658959224150969,264.0361407423445
4800.0,0.2658959224150969,263.74052099399006
4810.0,0.2658959224150969,263.44490124563555
4820.0,0.2658959224150969,263.15082098050107
4830.0,0.2658959224150969,262.8599499899949
4840.0,0.2658959224150969,262.56907899948874
4850.0,0.2658959224150969,262.2791162014246
4860.0,0.2658959224150969,261.9910466613863
4870.0,0.2658959224150969,261.702977121348
4880.0,0.2658959224150969,261.4159294656731
4890.0,0.2658959224150969,261.13101207521856
4900.0,0.2658959224150969,260.846094684764
4910.0,0.2658959224150969,260.5627021072317
4920.0,0.2658959224150969,260.2824882219782
4930.0,0.2658959224150969,260.00227433672467
4940.0,0.2658959224150969,259.7226995192855
4950.0,0.2658959224150969,259.44445693080223
4960.0,0.2658959224150969,259.16621434231894
4970.0,0.2658959224150969,258.8880831008722
4980.0,0.2658959224150969,258.61018397836955
4990.0,0.2658959224150969,258.33228485586693
5000.0,0.2658959224150969,258.054822872342
0.0,1.0635836896603876,0.0
10.0,1.0635836896603876,0.0
20.0,1.0635836896603876,0.0
30.0,1.0635836896603876,0.0
40.0,1.0635836896603876,0.0
50.0,1.0635836896603876,0.0
60.0,1.0635836896603876,0.0
70.0,1.0635836896603876,0.103697719909802
80.0,1.0635836896603876,0.45314711424817916
90.0,1.0635836896603876,0.8025965085865564
100.0,1.0635836896603876,1.0415425887765888
110.0,1.0635836896603876,1.0186085186076388
120.0,1.0635836896603876,0.9956744484386888
130.0,1.0635836896603876,0.9863169390266407
140.0,1.0635836896603876,1.0091343177595975
150.0,1.0635836896603876,1.0319516964925544
160.0,1.0635836896603876,1.0558840876032733
170.0,1.0635836896603876,1.0824589298602854
180.0,1.0635836896603876,1.1090337721172976
190.0,1.0635836896603876,1.1210100372317182
200.0,1.0635836896603876,1.098389352864635
210.0,1.0635836896603876,1.0757686684975516
220.0,1.0635836896603876,1.05230407587128
230.0,1.0635836896603876,1.0268395176918605
240.0,1.0635836896603876,1.001374959512441
250.0,1.0635836896603876,0.9777188162620875
260.0,1.0635836896603876,0.9583484084865946
270.0,1.0635836896603876,0.9389780007111018
280.0,1.0635836896603876,0.9479599473110317
290.0,1.0635836896603876,1.024133714211476
300.0,1.0635836896603876,1.10030748111192
310.0,1.0635836896603876,1.128955258826092
320.0,1.0635836896603876,1.0449719060625657
330.0,1.0635836896603876,0.9609885532990394
340.0,1.0635836896603876,0.8943319252908333
350.0,1.0635836896603876,0.8687376429608806
360.0,1.0635836896603876,0.8431433606309279
370.0,1.0635836896603876,0.8346677764674152
380.0,1.0635836896603876,0.8667615388825861
390.0,1.0635836896603876,0.898855301297757
400.0,1.0635836896603876,0.9499838255179982
410.0,1.0635836896603876,1.0462225468574622
420.0,1.0635836896603876,1.1424612681969262
430.0,1.0635836896603876,1.1941133130735917
440.0,1.0635836896603876,1.1401000607048726
450.0,1.0635836896603876,1.0860868083361535
460.0,1.0635836896603876,1.0583901154530688
470.0,1.0635836896603876,1.0930606430297902
480.0,1.0635836896603876,1.1277311706065114
490.0,1.0635836896603876,1.1577261112162984
500.0,1.0635836896603876,1.1766404482500379
510.0,1.0635836896603876,1.1955547852837771
520.0,1.0635836896603876,1.197481873146326
530.0,1.0635836896603876,1.159151133436709
540.0,1.0635836896603876,1.1208203937270924
550.0,1.0635836896603876,1.0818475785489923
560.0,1.0635836896603876,1.0413531183277174
570.0,1.0635836896603876,1.0008586581064425
580.0,1.0635836896603876,0.9708380111333063
590.0,1.0635836896603876,0.9656390974212404
600.0,1.0635836896603876,0.9604401837091746
610.0,1.0635836896603876,0.9762879453076528
620.0,1.0635836896603876,1.0420139077307942
630.0,1.0635836896603876,1.1077398701539356
640.0,1.0635836896603876,1.1442351421041166
650.0,1.0635836896603876,1.1114570381817936
660.0,1.0635836896603876,1.0786789342594707
670.0,1.0635836896603876,1.0294800992209396
680.0,1.0635836896603876,0.9413660192699889
690.0,1.0635836896603876,0.853251939319038
700.0,1.0635836896603876,0.8322701630148632
710.0,1.0635836896603876,0.9703842283916139
720.0,1.0635836896603876,1.1084982937683643
730.0,1.0635836896603876,1.1964609180803438
740.0,1.0635836896603876,1.1655703928014367
750.0,1.0635836896603876,1.1346798675225298
760.0,1.0635836896603876,1.0929304874011119
770.0,1.0635836896603876,1.0254468697068224
780.0,1.0635836896603876,0.9579632520125332
790.0,1.0635836896603876,0.9276143538446269
800.0,1.0635836896603876,0.9852704717077578
810.0,1.0635836896603876,1.0429265895708888
820.0,1.0635836896603876,1.0677104549007967
830.0,1.0635836896603876,1.014590860932802
840.0,1.0635836896603876,0.9614712669648076
850.0,1.0635836896603876,0.9522487095807509
860.0,1.0635836896603876,1.0470570822146212
870.0,1.0635836896603876,1.1418654548484912
880.0,1.0635836896603876,1.2069221434536528
890.0,1.0635836896603876,1.20147076135596
900.0,1.0635836896603876,1.1960193792582674
910.0,1.0635836896603876,1.1848909419860185
920.0,1.0635836896603876,1.1603085366208923
930.0,1.0635836896603876,1.1357261312557663
940.0,1.0635836896603876,1.1294717775462213
950.0,1.0635836896603876,1.1666527991495599
960.0,1.0635836896603876,1.2038338207528985
970.0,1.0635836896603876,1.2149562490214718
980.0,1.0635836896603876,1.1643228069503484
990.0,1.0635836896603876,1.113689364879225
1000.0,1.0635836896603876,1.082367249854532
1010.0,1.0635836896603876,1.0968107597753645
1020.0,1.0635836896603876,1.1112542696961967
1030.0,1.0635836896603876,1.1228082739835477
1040.0,1.0635836896603876,1.1275144821157228
1050.0,1.0635836896603876,1.132220690247898
1060.0,1.0635836896603876,1.1308807345767429
1070.0,1.0635836896603876,1.115212065797621
1080.0,1.0635836896603876,1.0995433970184991
1090.0,1.0635836896603876,1.0167853184927442
1100.0,1.0635836896603876,0.775033051898044
1110.0,1.0635836896603876,0.5332807853033436
1120.0,1.0635836896603876,0.4398711835745324
1130.0,1.0635836896603876,0.698016643149854
1140.0,1.0635836896603876,0.9561621027251757
1150.0,1.0635836896603876,1.135161367611622
1160.0,1.0635836896603876,1.1265932502416462
1170.0,1.0635836896603876,1.1180251328716706
1180.0,1.0635836896603876,12.933945579328286
1190.0,1.0635836896603876,52.77254450270332
1200.0,1.0635836896603876,92.61114342607834
1210.0,1.0635836896603876,145.5758518744293
1220.0,1.0635836896603876,229.64793083489508
1230.0,1.0635836896603876,313.72000979536085
1240.0,1.0635836896603876,385.3511569160138
1250.0,1.0635836896603876,427.4987258659497
1260.0,1.0635836896603876,469.64629481588565
1270.0,1.0635836896603876,504.1654483031452
1280.0,1.0635836896603876,520.6061341556274
1290.0,1.0635836896603876,537.0468200081095
1300.0,1.0635836896603876,550.2843081663638
1310.0,1.0635836896603876,555.9305860495317
1320.0,1.0635836896603876,561.5768639326998
1330.0,1.0635836896603876,565.8449657680133
1340.0,1.0635836896603876,566.8469488139049
1350.0,1.0635836896603876,567.8489318597966
1360.0,1.0635836896603876,568.2419028337313
1370.0,1.0635836896603876,567.1915852130774
1380.0,1.0635836896603876,566.1412675924234
1390.0,1.0635836896603876,564.8314961757242
1400.0,1.0635836896603876,562.9068490908767
1410.0,1.0635836896603876,560.9822020060292
1420.0,1.0635836896603876,558.9382895726399
1430.0,1.0635836896603876,556.6117319747186
1440.0,1.0635836896603876,554.2851743767975
1450.0,1.0635836896603876,551.893956936413
1460.0,1.0635836896603876,549.3495031031022
1470.0,1.0635836896603876,546.8050492697913
1480.0,1.0635836896603876,544.2232297715611
1490.0,1.0635836896603876,541.5528579432697
1500.0,1.0635836896603876,538.8824861149783
1510.0,1.0635836896603876,536.1891463648739
1520.0,1.0635836896603876,533.4413752806128
1530.0,1.0635836896603876,530.6936041963517
1540.0,1.0635836896603876,527.9318073211577
1550.0,1.0635836896603876,525.1367709339479
1560.0,1.0635836896603876,522.341734546738
1570.0,1.0635836896603876,519.5394319580843
1580.0,1.0635836896603876,516.7199093073773
1590.0,1.0635836896603876,513.9003866566703
1600.0,1.0635836896603876,511.08243531402303
1610.0,1.0635836896603876,508.2682077908294
1620.0,1.0635836896603876,505.45398026763587
1630.0,1.0635836896603876,502.6465644384293
1640.0,1.0635836896603876,499.8552915408559
1650.0,1.0635836896603876,497.06401864328245
1660.0,1.0635836896603876,494.28072095733694
1670.0,1.0635836896603876,491.51632360606806
1680.0,1.0635836896603876,488.7519262547992
1690.0,1.0635836896603876,485.9982325936279
1700.0,1.0635836896603876,483.269905447423
1710.0,1.0635836896603876,480.5415783012181
1720.0,1.0635836896603876,477.82464400234466
1730.0,1.0635836896603876,475.13470944185156
1740.0,1.0635836896603876,472.44477488135846
1750.0,1.0635836896603876,469.76755354188623
1760.0,1.0635836896603876,467.1204610746396
1770.0,1.0635836896603876,464.473368607393
1780.0,1.0635836896603876,461.8417895036177
1790.0,1.0635836896603876,459.2469752877532
1800.0,1.0635836896603876,456.65216107188866
1810.0,1.0635836896603876,454.07410708271203
1820.0,1.0635836896603876,451.5357729039221
1830.0,1.0635836896603876,448.9974387251322
1840.0,1.0635836896603876,446.47652897252624
1850.0,1.0635836896603876,443.9969131067519
1860.0,1.0635836896603876,441.5172972409776
1870.0,1.0635836896603876,439.053007498618
1880.0,1.0635836896603876,436.6250389067615
1890.0,1.0635836896603876,434.19707031490503
1900.0,1.0635836896603876,431.78181011864683
1910.0,1.0635836896603876,429.39666735891745
1920.0,1.0635836896603876,427.01152459918814
1930.0,1.0635836896603876,424.63646890093236
1940.0,1.0635836896603876,422.2853183786953
1950.0,1.0635836896603876,419.93416785645826
1960.0,1.0635836896603876,417.59235241344277
1970.0,1.0635836896603876,415.27266003496135
1980.0,1.0635836896603876,412.9529676564799
1990.0,1.0635836896603876,410.6429220574369
2000.0,1.0635836896603876,408.35573821660705
2010.0,1.0635836896603876,406.0685543757772
2020.0,1.0635836896603876,403.79350567465605
2030.0,1.0635836896603876,401.5472158595107
2040.0,1.0635836896603876,399.30092604436527
2050.0,1.0635836896603876,397.0687389431006
2060.0,1.0635836896603876,394.8699736523943
2070.0,1.0635836896603876,392.67120836168806
2080.0,1.0635836896603876,390.4847574996202
2090.0,1.0635836896603876,388.3274904176792
2100.0,1.0635836896603876,386.17022333573817
2110.0,1.0635836896603876,384.0237307450345
2120.0,1.0635836896603876,381.9027724598584
2130.0,1.0635836896603876,379.78181417468227
2140.0,1.0635836896603876,377.6725677634439
2150.0,1.0635836896603876,375.5910771469656
2160.0,1.0635836896603876,373.5095865304873
2170.0,1.0635836896603876,371.4428787829154
2180.0,1.0635836896603876,369.41120473511785
2190.0,1.0635836896603876,367.37953068732025
2200.0,1.0635836896603876,365.3672592166659
2210.0,1.0635836896603876,363.4009696231955
2220.0,1.0635836896603876,361.43468002972514
2230.0,1.0635836896603876,359.48242901572127
2240.0,1.0635836896603876,357.56344782108744
2250.0,1.0635836896603876,355.64446662645355
2260.0,1.0635836896603876,353.73139587916194
2270.0,1.0635836896603876,351.8323322125682
2280.0,1.0635836896603876,349.93326854597444
2290.0,1.0635836896603876,348.0405823834876
2300.0,1.0635836896603876,346.16301017253505
2310.0,1.0635836896603876,344.2854379615825
2320.0,1.0635836896603876,342.4183734485392
2330.0,1.0635836896603876,340.57621097150843
2340.0,1.0635836896603876,338.73404849447763
2350.0,1.0635836896603876,336.9036173767342
2360.0,1.0635836896603876,335.100988231789
2370.0,1.0635836896603876,333.2983590868438
2380.0,1.0635836896603876,331.50500224497017
2390.0,1.0635836896603876,329.73361969537257
2400.0,1.0635836896603876,327.96223714577496
2410.0,1.0635836896603876,326.20422821294596
2420.0,1.0635836896603876,324.4779132143414
2430.0,1.0635836896603876,322.75159821573686
2440.0,1.0635836896603876,321.0421341814388
2450.0,1.0635836896603876,319.3726049952517
2460.0,1.0635836896603876,317.7030758090646
2470.0,1.0635836896603876,316.0464399717607
2480.0,1.0635836896603876,314.4203598890076
2490.0,1.0635836896603876,312.7942798062545
2500.0,1.0635836896603876,311.1794296712028
2510.0,1.0635836896603876,309.5911932211364
2520.0,1.0635836896603876,308.00295677107
2530.0,1.0635836896603876,306.4259220313414
2540.0,1.0635836896603876,304.8754340572925
2550.0,1.0635836896603876,303.3249460832437
2560.0,1.0635836896603876,301.7848612929306
2570.0,1.0635836896603876,300.2694308520544
2580.0,1.0635836896603876,298.7540004111782
2590.0,1.0635836896603876,297.24799683991574
2600.0,1.0635836896603876,295.76433386586433
2610.0,1.0635836896603876,294.28067089181286
2620.0,1.0635836896603876,292.8070547308599
2630.0,1.0635836896603876,291.3572483619038
2640.0,1.0635836896603876,289.90744199294784
2650.0,1.0635836896603876,288.4716890959842
2660.0,1.0635836896603876,287.0692413119647
2670.0,1.0635836896603876,285.6667935279452
2680.0,1.0635836896603876,284.27557117077777
2690.0,1.0635836896603876,282.9109517847023
2700.0,1.0635836896603876,281.54633239862693
2710.0,1.0635836896603876,280.19266877818586
2720.0,1.0635836896603876,278.864969062753
2730.0,1.0635836896603876,277.5372693473201
2740.0,1.0635836896603876,276.22611942025657
2750.0,1.0635836896603876,274.95419058895817
2760.0,1.0635836896603876,273.6822617576598
2770.0,1.0635836896603876,272.43212106175525
2780.0,1.0635836896603876,271.23361574182974
2790.0,1.0635836896603876,270.0351104219042
2800.0,1.0635836896603876,268.8504604014648
2810.0,1.0635836896603876,267.6986458479128
2820.0,1.0635836896603876,266.5468312943609
2830.0,1.0635836896603876,265.40506720895445
2840.0,1.0635836896603876,264.28712157758633
2850.0,1.0635836896603876,263.1691759462182
2860.0,1.0635836896603876,262.066576996487
2870.0,1.0635836896603876,261.0003479178819
2880.0,1.0635836896603876,259.9341188392769
2890.0,1.0635836896603876,258.885774228223
2900.0,1.0635836896603876,257.879813749152
2910.0,1.0635836896603876,256.87385327008093
2920.0,1.0635836896603876,255.88296444178152
2930.0,1.0635836896603876,254.92779369307684
2940.0,1.0635836896603876,253.97262294437215
2950.0,1.0635836896603876,253.03824468715237
2960.0,1.0635836896603876,252.1531422443132
2970.0,1.0635836896603876,251.268039801474
2980.0,1.0635836896603876,250.39827732754625
2990.0,1.0635836896603876,249.5648688163571
3000.0,1.0635836896603876,248.73146030516793
3010.0,1.0635836896603876,247.9062598162415
3020.0,1.0635836896603876,247.10051139643053
3030.0,1.0635836896603876,246.2947629766196
3040.0,1.0635836896603876,245.49502749967652
3050.0,1.0635836896603876,244.70954200604368
3060.0,1.0635836896603876,243.9240565124108
3070.0,1.0635836896603876,243.14165441614526
3080.0,1.0635836896603876,242.36655961715306
3090.0,1.0635836896603876,241.59146481816083
3100.0,1.0635836896603876,240.81388788698868
3110.0,1.0635836896603876,240.03042858791196
3120.0,1.0635836896603876,239.24696928883523
3130.0,1.0635836896603876,238.4642056482833
3140.0,1.0635836896603876,237.68309063845777
3150.0,1.0635836896603876,236.90197562863227
3160.0,1.0635836896603876,236.1364105561325
3170.0,1.0635836896603876,235.4076970473738
3180.0,1.0635836896603876,234.67898353861514
3190.0,1.0635836896603876,233.9644581681201
3200.0,1.0635836896603876,233.28355705415015
3210.0,1.0635836896603876,232.60265594018023
3220.0,1.0635836896603876,231.92438769157425
3230.0,1.0635836896603876,231.2523590311898
3240.0,1.0635836896603876,230.58033037080534
3250.0,1.0635836896603876,229.91650267691645
3260.0,1.0635836896603876,229.27211033078618
3270.0,1.0635836896603876,228.62771798465593
3280.0,1.0635836896603876,227.99951968923773
3290.0,1.0635836896603876,227.40969943223476
3300.0,1.0635836896603876,226.81987917523182
3310.0,1.0635836896603876,226.23888330527694
3320.0,1.0635836896603876,225.67880021811763
3330.0,1.0635836896603876,225.11871713095834
3340.0,1.0635836896603876,224.56832012089464
3350.0,1.0635836896603876,224.04087799997373
3360.0,1.0635836896603876,223.5134358790528
3370.0,1.0635836896603876,223.01388303146783
3380.0,1.0635836896603876,222.58042455535866
3390.0,1.0635836896603876,222.1469660792495
3400.0,1.0635836896603876,221.73233653283938
3410.0,1.0635836896603876,221.36232938512103
3420.0,1.0635836896603876,220.99232223740268
3430.0,1.0635836896603876,220.62509530332073
3440.0,1.0635836896603876,220.26445715592587
3450.0,1.0635836896603876,219.90381900853103
3460.0,1.0635836896603876,219.53173135840825
3470.0,1.0635836896603876,219.1325097031289
3480.0,1.0635836896603876,218.73328804784958
3490.0,1.0635836896603876,218.30753394626808
3500.0,1.0635836896603876,217.8189009972914
3510.0,1.0635836896603876,217.3302680483147
3520.0,1.0635836896603876,216.83394087364874
3530.0,1.0635836896603876,216.31937926867704
3540.0,1.0635836896603876,215.80481766370534
3550.0,1.0635836896603876,215.30575150446015
3560.0,1.0635836896603876,214.84340777013057
3570.0,1.0635836896603876,214.381064035801
3580.0,1.0635836896603876,213.93144289611087
3590.0,1.0635836896603876,213.51197284304473
3600.0,1.0635836896603876,213.09250278997862
3610.0,1.0635836896603876,212.68601607801656
3620.0,1.0635836896603876,212.31029839182258
3630.0,1.0635836896603876,211.9345807056286
3640.0,1.0635836896603876,211.57327013935642
3650.0,1.0635836896603876,211.24610279096365
3660.0,1.0635836896603876,210.9189354425709
3670.0,1.0635836896603876,210.59387111496966
3680.0,1.0635836896603876,210.2737907048675
3690.0,1.0635836896603876,209.95371029476536
3700.0,1.0635836896603876,209.63232357301627
3710.0,1.0635836896603876,209.307841042846
3720.0,1.0635836896603876,208.98335851267575
3730.0,1.0635836896603876,208.64155311796918
3740.0,1.0635836896603876,208.25869452585962
3750.0,1.0635836896603876,207.87583593375007
3760.0,1.0635836896603876,207.46543772536876
3770.0,1.0635836896603876,206.9897737925551
3780.0,1.0635836896603876,206.51410985974144
3790.0,1.0635836896603876,206.02103922608762
3800.0,1.0635836896603876,205.4867167126291
3810.0,1.0635836896603876,204.95239419917056
3820.0,1.0635836896603876,204.41249864308406
3830.0,1.0635836896603876,203.85939561668218
3840.0,1.0635836896603876,203.3062925902803
3850.0,1.0635836896603876,202.75404675905565
3860.0,1.0635836896603876,202.20383238185244
3870.0,1.0635836896603876,201.65361800464925
3880.0,1.0635836896603876,201.11026614858432
3890.0,1.0635836896603876,200.5831776786574
3900.0,1.0635836896603876,200.0560892087305
3910.0,1.0635836896603876,199.5303882931939
3920.0,1.0635836896603876,199.00797572204021
3930.0,1.0635836896603876,198.4855631508865
3940.0,1.0635836896603876,197.95902300848468
3950.0,1.0635836896603876,197.42270099675702
3960.0,1.0635836896603876,196.88637898502935
3970.0,1.0635836896603876,196.35409349766724
3980.0,1.0635836896603876,195.83137410898667
3990.0,1.0635836896603876,195.30865472030612
4000.0,1.0635836896603876,194.7881575621524
4010.0,1.0635836896603876,194.2729268348654
4020.0,1.0635836896603876,193.7576961075784
4030.0,1.0635836896603876,193.23459343033812
4040.0,1.0635836896603876,192.69283513671874
4050.0,1.0635836896603876,192.15107684309936
4060.0,1.0635836896603876,191.61148182061353
4070.0,1.0635836896603876,191.07701350201063
4080.0,1.0635836896603876,190.54254518340773
4090.0,1.0635836896603876,190.02072129299773
4100.0,1.0635836896603876,189.52886324372
4110.0,1.0635836896603876,189.03700519444226
4120.0,1.0635836896603876,188.5535428853984
4130.0,1.0635836896603876,188.08997751548046
4140.0,1.0635836896603876,187.6264121455625
4150.0,1.0635836896603876,187.1609401624364
4160.0,1.0635836896603876,186.69094972520344
4170.0,1.0635836896603876,186.2209592879705
4180.0,1.0635836896603876,185.74397451446941
4190.0,1.0635836896603876,185.2504139681269
4200.0,1.0635836896603876,184.7568534217844
4210.0,1.0635836896603876,184.25850021940548
4220.0,1.0635836896603876,183.74878897321491
4230.0,1.0635836896603876,183.23907772702432
4240.0,1.0635836896603876,182.7247438275125
4250.0,1.0635836896603876,182.19945477107927
4260.0,1.0635836896603876,181.67416571464602
4270.0,1.0635836896603876,181.14578186847538
4280.0,1.0635836896603876,180.61006372642402
4290.0,1.0635836896603876,180.07434558437268
4300.0,1.0635836896603876,179.54223045763476
4310.0,1.0635836896603876,179.01865406296392
4320.0,1.0635836896603876,178.49507766829305
4330.0,1.0635836896603876,177.97853691731368
4340.0,1.0635836896603876,177.47866983302026
4350.0,1.0635836896603876,176.97880274872685
4360.0,1.0635836896603876,176.48516785584386
4370.0,1.0635836896603876,176.0063025401107
4380.0,1.0635836896603876,175.52743722437756
4390.0,1.0635836896603876,175.05239310480835
4400.0,1.0635836896603876,174.5864047808383
4410.0,1.0635836896603876,174.12041645686827
4420.0,1.0635836896603876,173.65434444547674
4430.0,1.0635836896603876,173.18807410451748
4440.0,1.0635836896603876,172.72180376355826
4450.0,1.0635836896603876,172.2547269401274
4460.0,1.0635836896603876,171.78573884595718
4470.0,1.0635836896603876,171.31675075178697
4480.0,1.0635836896603876,170.84955397275752
4490.0,1.0635836896603876,170.38660240467047
4500.0,1.0635836896603876,169.92365083658342
4510.0,1.0635836896603876,169.46527880397156
4520.0,1.0635836896603876,169.0177597439431
4530.0,1.0635836896603876,168.5702406839146
4540.0,1.0635836896603876,168.1273250328885
4550.0,1.0635836896603876,167.69531893196054
4560.0,1.0635836896603876,167.26331283103258
4570.0,1.0635836896603876,166.83469612827977
4580.0,1.0635836896603876,166.41411190953502
4590.0,1.0635836896603876,165.99352769079027
4600.0,1.0635836896603876,165.57379899481026
4610.0,1.0635836896603876,165.15609778942624
4620.0,1.0635836896603876,164.7383965840422
4630.0,1.0635836896603876,164.32059784116115
4640.0,1.0635836896603876,163.90256794562566
4650.0,1.0635836896603876,163.4845380500902
4660.0,1.0635836896603876,163.06920010928832
4670.0,1.0635836896603876,162.6602417917206
4680.0,1.0635836896603876,162.2512834741529
4690.0,1.0635836896603876,161.84763602512518
4700.0,1.0635836896603876,161.45657472396556
4710.0,1.0635836896603876,161.06551342280596
4720.0,1.0635836896603876,160.68029802175857
4730.0,1.0635836896603876,160.30893673189482
4740.0,1.0635836896603876,159.93757544203103
4750.0,1.0635836896603876,159.57296943791783
4760.0,1.0635836896603876,159.22437268440228
4770.0,1.0635836896603876,158.87577593088676
4780.0,1.0635836896603876,158.53144721010838
4790.0,1.0635836896603876,158.19723323623654
4800.0,1.0635836896603876,157.8630192623647
4810.0,1.0635836896603876,157.52673302749713
4820.0,1.0635836896603876,157.18553577231017
4830.0,1.0635836896603876,156.84433851712325
4840.0,1.0635836896603876,156.50285313677358
4850.0,1.0635836896603876,156.16068493291297
4860.0,1.0635836896603876,155.81851672905236
4870.0,1.0635836896603876,155.47906446680776
4880.0,1.0635836896603876,155.14604867395093
4890.0,1.0635836896603876,154.81303288109407
4900.0,1.0635836896603876,154.4809041303271
4910.0,1.0635836896603876,154.15087756733308
4920.0,1.0635836896603876,153.8208510043391
4930.0,1.0635836896603876,153.49097963692327
4940.0,1.0635836896603876,153.1614760651855
4950.0,1.0635836896603876,152.8319724934477
4960.0,1.0635836896603876,152.5032473110582
4970.0,1.0635836896603876,152.17636682193543
4980.0,1.0635836896603876,151.8494863328127
4990.0,1.0635836896603876,151.52330550799607
5000.0,1.0635836896603876,151.1987828071471
0.0,1.895090691506824,0.0
10.0,1.895090691506824,0.0
20.0,1.895090691506824,0.0
30.0,1.895090691506824,0.0
40.0,1.895090691506824,0.0
50.0,1.895090691506824,0.0
60.0,1.895090691506824,0.0
70.0,1.895090691506824,0.0
80.0,1.895090691506824,0.0
90.0,1.895090691506824,0.0
100.0,1.895090691506824,0.0
110.0,1.895090691506824,0.0
120.0,1.895090691506824,0.0
130.0,1.895090691506824,0.0
140.0,1.895090691506824,0.0
150.0,1.895090691506824,0.0
160.0,1.895090691506824,0.0
170.0,1.895090691506824,0.0
180.0,1.895090691506824,0.0
190.0,1.895090691506824,0.0
200.0,1.895090691506824,0.0
210.0,1.895090691506824,0.0
220.0,1.895090691506824,0.0
230.0,1.895090691506824,0.0
240.0,1.895090691506824,0.0
250.0,1.895090691506824,0.0
260.0,1.895090691506824,0.0
270.0,1.895090691506824,0.0
280.0,1.895090691506824,0.0
290.0,1.895090691506824,0.0
300.0,1.895090691506824,0.0
310.0,1.895090691506824,0.0
320.0,1.895090691506824,0.0
330.0,1.895090691506824,0.0
340.0,1.895090691506824,0.0
350.0,1.895090691506824,0.0
360.0,1.895090691506824,0.0
370.0,1.895090691506824,0.0
380.0,1.895090691506824,0.0
390.0,1.895090691506824,0.0
400.0,1.895090691506824,0.0
410.0,1.895090691506824,0.0
420.0,1.895090691506824,0.0
430.0,1.895090691506824,0.0
440.0,1.895090691506824,0.0
450.0,1.895090691506824,0.0
460.0,1.895090691506824,0.0
470.0,1.895090691506824,0.0
480.0,1.895090691506824,0.0
490.0,1.895090691506824,0.0
500.0,1.895090691506824,0.0
510.0,1.895090691506824,0.0
520.0,1.895090691506824,0.0
530.0,1.895090691506824,0.0
540.0,1.895090691506824,0.0
550.0,1.895090691506824,0.0
560.0,1.895090691506824,0.0
570.0,1.895090691506824,0.0
580.0,1.895090691506824,0.0
590.0,1.895090691506824,0.0
600.0,1.895090691506824,0.0
610.0,1.895090691506824,0.0
620.0,1.895090691506824,0.0
630.0,1.895090691506824,0.0
640.0,1.895090691506824,0.0
650.0,1.895090691506824,0.0
660.0,1.895090691506824,0.0
670.0,1.895090691506824,0.0
680.0,1.895090691506824,0.0
690.0,1.895090691506824,0.0
700.0,1.895090691506824,0.0
710.0,1.895090691506824,0.0
720.0,1.895090691506824,0.0
730.0,1.895090691506824,0.0
740.0,1.895090691506824,0.0
750.0,1.895090691506824,0.0
760.0,1.895090691506824,0.0
770.0,1.895090691506824,0.0
780.0,1.895090691506824,0.0
790.0,1.895090691506824,0.0
800.0,1.895090691506824,0.0
810.0,1.895090691506824,0.0
820.0,1.895090691506824,0.0
830.0,1.895090691506824,0.0
840.0,1.895090691506824,0.0
850.0,1.895090691506824,0.0
860.0,1.895090691506824,0.0
870.0,1.895090691506824,0.0
880.0,1.895090691506824,0.0
890.0,1.895090691506824,0.0
900.0,1.895090691506824,0.0
910.0,1.895090691506824,0.0
920.0,1.895090691506824,0.0
930.0,1.895090691506824,0.0
940.0,1.895090691506824,0.0
950.0,1.895090691506824,0.0
960.0,1.895090691506824,0.0
970.0,1.895090691506824,0.0
980.0,1.895090691506824,0.0
990.0,1.895090691506824,0.0
1000.0,1.895090691506824,0.0
1010.0,1.895090691506824,0.0
1020.0,1.895090691506824,0.0
1030.0,1.895090691506824,0.0
1040.0,1.895090691506824,0.0
1050.0,1.895090691506824,0.0
1060.0,1.895090691506824,0.4115932503586992
1070.0,1.895090691506824,0.5861625029546425
1080.0,1.895090691506824,0.7607317555505855
1090.0,1.895090691506824,0.885974877333384
1100.0,1.895090691506824,0.8554176456721778
1110.0,1.895090691506824,0.8248604140109717
1120.0,1.895090691506824,0.8061139525770207
1130.0,1.895090691506824,0.8246727114293102
1140.0,1.895090691506824,0.8432314702815997
1150.0,1.895090691506824,0.8627079472287693
1160.0,1.895090691506824,0.8850831069063138
1170.0,1.895090691506824,0.9074582665838582
1180.0,1.895090691506824,0.922688575746619
1190.0,1.895090691506824,0.9153513285825976
1200.0,1.895090691506824,0.9080140814185763
1210.0,1.895090691506824,0.8984517253228761
1220.0,1.895090691506824,0.8818611926341196
1230.0,1.895090691506824,0.865270659945363
1240.0,1.895090691506824,0.8477715286671402
1250.0,1.895090691506824,0.827402519313262
1260.0,1.895090691506824,0.8070335099593838
1270.0,1.895090691506824,0.804060520911385
1280.0,1.895090691506824,0.8560341913214765
1290.0,1.895090691506824,0.908007861731568
1300.0,1.895090691506824,0.9374325402486227
1310.0,1.895090691506824,0.895634504783722
1320.0,1.895090691506824,0.8538364693188213
1330.0,1.895090691506824,0.8000660741706239
1340.0,1.895090691506824,0.7084800660913736
1350.0,1.895090691506824,0.6168940580121232
1360.0,1.895090691506824,0.5663505317393428
1370.0,1.895090691506824,0.6454428205255275
1380.0,1.895090691506824,0.7245351093117121
1390.0,1.895090691506824,0.7998436162033847
1400.0,1.895090691506824,0.8632007588424432
1410.0,1.895090691506824,0.9265579014815016
1420.0,1.895090691506824,0.9685957153605136
1430.0,1.895090691506824,0.9432948002281871
1440.0,1.895090691506824,0.9179938850958607
1450.0,1.895090691506824,0.9043928501499491
1460.0,1.895090691506824,0.9277467808225891
1470.0,1.895090691506824,0.951100711495229
1480.0,1.895090691506824,0.9707516356110922
1490.0,1.895090691506824,0.9787063305510487
1500.0,1.895090691506824,0.9866610254910052
1510.0,1.895090691506824,0.9854354358394464
1520.0,1.895090691506824,0.9552132157914587
1530.0,1.895090691506824,0.924990995743471
1540.0,1.895090691506824,0.8975804422620441
1550.0,1.895090691506824,0.8790507524854212
1560.0,1.895090691506824,0.8605210627087984
1570.0,1.895090691506824,0.8451923096998892
1580.0,1.895090691506824,0.8399739600723214
1590.0,1.895090691506824,0.8347556104447535
1600.0,1.895090691506824,0.8408002393607537
1610.0,1.895090691506824,0.8824198466704065
1620.0,1.895090691506824,0.9240394539800594
1630.0,1.895090691506824,0.9480758393684507
1640.0,1.895090691506824,0.916574274691501
1650.0,1.895090691506824,0.8850727100145512
1660.0,1.895090691506824,0.8550832691723725
1670.0,1.895090691506824,0.829869987011703
1680.0,1.895090691506824,0.8046567048510335
1690.0,1.895090691506824,0.8021891340044317
1700.0,1.895090691506824,0.8715656304634839
1710.0,1.895090691506824,0.940942126922536
1720.0,1.895090691506824,0.988369464838138
1730.0,1.895090691506824,0.9664687082428949
1740.0,1.895090691506824,0.9445679516476517
1750.0,1.895090691506824,0.9189243320879351
1760.0,1.895090691506824,0.8814585938429628
1770.0,1.895090691506824,0.8439928555979904
1780.0,1.895090691506824,0.8233734135459077
1790.0,1.895090691506824,0.8559642853337083
1800.0,1.895090691506824,0.8885551571215089
1810.0,1.895090691506824,0.9044711618205137
1820.0,1.895090691506824,0.8677183246047199
1830.0,1.895090691506824,0.8309654873889261
1840.0,1.895090691506824,0.8187917258554631
1850.0,1.895090691506824,0.8842528530818861
1860.0,1.895090691506824,0.949713980308309
1870.0,1.895090691506824,0.9971884964359471
1880.0,1.895090691506824,0.9878509269559352
1890.0,1.895090691506824,0.9785133574759234
1900.0,1.895090691506824,0.9690002867556505
1910.0,1.895090691506824,0.9589328819570351
1920.0,1.895090691506824,0.9488654771584196
1930.0,1.895090691506824,0.9466863226064572
1940.0,1.895090691506824,0.9694228092414939
1950.0,1.895090691506824,0.9921592958765305
1960.0,1.895090691506824,1.0006119086024736
1970.0,1.895090691506824,0.9639478140801498
1980.0,1.895090691506824,0.9272837195578261
1990.0,1.895090691506824,0.9021108253599354
2000.0,1.895090691506824,0.9132337654901939
2010.0,1.895090691506824,0.9243567056204525
2020.0,1.895090691506824,0.934418959884386
2030.0,1.895090691506824,0.9411309567869117
2040.0,1.895090691506824,0.9478429536894374
2050.0,1.895090691506824,0.9486353666237165
2060.0,1.895090691506824,0.9307303212475515
2070.0,1.895090691506824,0.9128252758713865
2080.0,1.895090691506824,0.8546935153916453
2090.0,1.895090691506824,0.6695026013210797
2100.0,1.895090691506824,0.48431168725051416
2110.0,1.895090691506824,0.3916242100534657
2120.0,1.895090691506824,0.5911159068985556
2130.0,1.895090691506824,0.7906076037436457
2140.0,1.895090691506824,0.9409962610464944
2150.0,1.895090691506824,0.9362892157320722
2160.0,1.895090691506824,0.9315821704176501
2170.0,1.895090691506824,6.173493089325222
2180.0,1.895090691506824,27.987247770071402
2190.0,1.895090691506824,49.801002450817585
2200.0,1.895090691506824,77.87119543234125
2210.0,1.895090691506824,125.70282687442986
2220.0,1.895090691506824,173.53445831651845
2230.0,1.895090691506824,216.69109140288353
2240.0,1.895090691506824,245.08138494133163
2250.0,1.895090691506824,273.4716784797797
2260.0,1.895090691506824,297.68004404958896
2270.0,1.895090691506824,308.6794705672057
2280.0,1.895090691506824,319.6788970848225
2290.0,1.895090691506824,328.95214878664035
2300.0,1.895090691506824,332.7731454266048
2310.0,1.895090691506824,336.5941420665692
2320.0,1.895090691506824,339.679775779077
2330.0,1.895090691506824,340.44270949224
2340.0,1.895090691506824,341.205643205403
2350.0,1.895090691506824,341.64360140583256
2360.0,1.895090691506824,341.05509961619487
2370.0,1.895090691506824,340.4665978265572
2380.0,1.895090691506824,339.73983589521725
2390.0,1.895090691506824,338.57636874112154
2400.0,1.895090691506824,337.41290158702583
2410.0,1.895090691506824,336.1881397697464
2420.0,1.895090691506824,334.7697740749513
2430.0,1.895090691506824,333.3514083801562
2440.0,1.895090691506824,331.9028126213806
2450.0,1.895090691506824,330.35873289548323
2460.0,1.895090691506824,328.8146531695858
2470.0,1.895090691506824,327.2532046212991
2480.0,1.895090691506824,325.6368953202521
2490.0,1.895090691506824,324.02058601920504
2500.0,1.895090691506824,322.3940520968363
2510.0,1.895090691506824,320.7352229267054
2520.0,1.895090691506824,319.07639375657453
2530.0,1.895090691506824,317.41332887546724
2540.0,1.895090691506824,315.73688517756796
2550.0,1.895090691506824,314.06044147966867
2560.0,1.895090691506824,312.383150076627
2570.0,1.895090691506824,310.7031811321154
2580.0,1.895090691506824,309.0232121876038
2590.0,1.895090691506824,307.3440299577134
2600.0,1.895090691506824,305.667332626071
2610.0,1.895090691506824,303.9906352944286
2620.0,1.895090691506824,302.3167435842737
2630.0,1.895090691506824,300.65171364397935
2640.0,1.895090691506824,298.986683703685
2650.0,1.895090691506824,297.3254515439034
2660.0,1.895090691506824,295.6762149640796
2670.0,1.895090691506824,294.02697838425576
2680.0,1.895090691506824,292.3830626434221
2690.0,1.895090691506824,290.75595317913206
2700.0,1.895090691506824,289.1288437148421
2710.0,1.895090691506824,287.5104745239764
2720.0,1.895090691506824,285.9197121546122
2730.0,1.895090691506824,284.328949785248
2740.0,1.895090691506824,282.7493873741027
2750.0,1.895090691506824,281.20520088683975
2760.0,1.895090691506824,279.66101439957686
2770.0,1.895090691506824,278.1263813671849
2780.0,1.895090691506824,276.62192365203265
2790.0,1.895090691506824,275.1174659368805
2800.0,1.895090691506824,273.62095047153326
2810.0,1.895090691506824,272.1495212091043
2820.0,1.895090691506824,270.67809194667535
2830.0,1.895090691506824,269.21725644265314
2840.0,1.895090691506824,267.7898821340837
2850.0,1.895090691506824,266.3625078255143
2860.0,1.895090691506824,264.94675018593836
2870.0,1.895090691506824,263.5676846830694
2880.0,1.895090691506824,262.1886191802004
2890.0,1.895090691506824,260.8182692747413
2900.0,1.895090691506824,259.4754482497062
2910.0,1.895090691506824,258.132627224671
2920.0,1.895090691506824,256.7954364734377
2930.0,1.895090691506824,255.47602937224656
2940.0,1.895090691506824,254.1566222710554
2950.0,1.895090691506824,252.84305324996365
2960.0,1.895090691506824,251.54792425098438
2970.0,1.895090691506824,250.2527952520051
2980.0,1.895090691506824,248.96280366575394
2990.0,1.895090691506824,247.68903899018147
3000.0,1.895090691506824,246.41527431460898
3010.0,1.895090691506824,245.14438543456083
3020.0,1.895090691506824,243.88257997443102
3030.0,1.895090691506824,242.62077451430122
3040.0,1.895090691506824,241.36396621246647
3050.0,1.895090691506824,240.12294181696583
3060.0,1.895090691506824,238.88191742146523
3070.0,1.895090691506824,237.64682640147564
3080.0,1.895090691506824,236.43047640143814
3090.0,1.895090691506824,235.21412640140068
3100.0,1.895090691506824,233.9984109557141
3110.0,1.895090691506824,232.7846997984345
3120.0,1.895090691506824,231.5709886411549
3130.0,1.895090691506824,230.35578413462318
3140.0,1.895090691506824,229.13586277036376
3150.0,1.895090691506824,227.91594140610434
3160.0,1.895090691506824,226.69632312536862
3170.0,1.895090691506824,225.4776621571027
3180.0,1.895090691506824,224.2590011888368
3190.0,1.895090691506824,223.0452950152325
3200.0,1.895090691506824,221.8472389391891
3210.0,1.895090691506824,220.6491828631457
3220.0,1.895090691506824,219.46113834524624
3230.0,1.895090691506824,218.3047160987804
3240.0,1.895090691506824,217.1482938523146
3250.0,1.895090691506824,216.00178785004752
3260.0,1.895090691506824,214.8866030628349
3270.0,1.895090691506824,213.77141827562224
3280.0,1.895090691506824,212.66086991096228
3290.0,1.895090691506824,211.56496604122847
3300.0,1.895090691506824,210.4690621714947
3310.0,1.895090691506824,209.37655983740007
3320.0,1.895090691506824,208.29480151355102
3330.0,1.895090691506824,207.213043189702
3340.0,1.895090691506824,206.13470640117774
3350.0,1.895090691506824,205.0671767934344
3360.0,1.895090691506824,203.99964718569106
3370.0,1.895090691506824,202.93405567093103
3380.0,1.895090691506824,201.8745857709588
3390.0,1.895090691506824,200.81511587098652
3400.0,1.895090691506824,199.75709229115887
3410.0,1.895090691506824,198.70363702402895
3420.0,1.895090691506824,197.65018175689903
3430.0,1.895090691506824,196.5992852470986
3440.0,1.895090691506824,195.5564707678516
3450.0,1.895090691506824,194.51365628860464
3460.0,1.895090691506824,193.47601247916154
3470.0,1.895090691506824,192.45470062541227
3480.0,1.895090691506824,191.433388771663
3490.0,1.895090691506824,190.41893640749538
3500.0,1.895090691506824,189.4261502653413
3510.0,1.895090691506824,188.4333641231872
3520.0,1.895090691506824,187.44856433711976
3530.0,1.895090691506824,186.4889900670317
3540.0,1.895090691506824,185.5294157969436
3550.0,1.895090691506824,184.58012510698495
3560.0,1.895090691506824,183.66331589068787
3570.0,1.895090691506824,182.7465066743908
3580.0,1.895090691506824,181.83917388215286
3590.0,1.895090691506824,180.96177309944954
3600.0,1.895090691506824,180.08437231674623
3610.0,1.895090691506824,179.2165750578081
3620.0,1.895090691506824,178.37911126253823
3630.0,1.895090691506824,177.5416474672684
3640.0,1.895090691506824,176.71296886022827
3650.0,1.895090691506824,175.91203894153435
3660.0,1.895090691506824,175.11110902284042
3670.0,1.895090691506824,174.3149661235948
3680.0,1.895090691506824,173.5339433910779
3690.0,1.895090691506824,172.75292065856104
3700.0,1.895090691506824,171.97357483182267
3710.0,1.895090691506824,171.19952564012692
3720.0,1.895090691506824,170.42547644843114
3730.0,1.895090691506824,169.6552260574698
3740.0,1.895090691506824,168.89697446891464
3750.0,1.895090691506824,168.13872288035947
3760.0,1.895090691506824,167.38635465801556
3770.0,1.895090691506824,166.65256949742908
3780.0,1.895090691506824,165.9187843368426
3790.0,1.895090691506824,165.19114667253905
3800.0,1.895090691506824,164.4829263450078
3810.0,1.895090691506824,163.77470601747655
3820.0,1.895090691506824,163.07712322725263
3830.0,1.895090691506824,162.41313991148456
3840.0,1.895090691506824,161.7491565957165
3850.0,1.895090691506824,161.09682765902107
3860.0,1.895090691506824,160.48130996919943
3870.0,1.895090691506824,159.8657922793778
3880.0,1.895090691506824,159.25662012465386
3890.0,1.895090691506824,158.66749082743186
3900.0,1.895090691506824,158.07836153020986
3910.0,1.895090691506824,157.48966535675345
3920.0,1.895090691506824,156.9023372378078
3930.0,1.895090691506824,156.31500911886218
3940.0,1.895090691506824,155.74399080588847
3950.0,1.895090691506824,155.2244882613957
3960.0,1.895090691506824,154.7049857169029
3970.0,1.895090691506824,154.2086064729315
3980.0,1.895090691506824,153.78526394063067
3990.0,1.895090691506824,153.3619214083298
4000.0,1.895090691506824,152.94824641810072
4010.0,1.895090691506824,152.56510709825332
4020.0,1.895090691506824,152.1819677784059
4030.0,1.895090691506824,151.79672615689364
4040.0,1.895090691506824,151.40484425492494
4050.0,1.895090691506824,151.01296235295627
4060.0,1.895090691506824,150.6287353714537
4070.0,1.895090691506824,150.26868704119644
4080.0,1.895090691506824,149.9086387109392
4090.0,1.895090691506824,149.55551669096675
4100.0,1.895090691506824,149.22427195130493
4110.0,1.895090691506824,148.8930272116431
4120.0,1.895090691506824,148.55903143244748
4130.0,1.895090691506824,148.21634628466288
4140.0,1.895090691506824,147.8736611368783
4150.0,1.895090691506824,147.53428277770897
4160.0,1.895090691506824,147.2053491630701
4170.0,1.895090691506824,146.87641554843128
4180.0,1.895090691506824,146.55510546246038
4190.0,1.895090691506824,146.25787487434144
4200.0,1.895090691506824,145.9606442862225
4210.0,1.895090691506824,145.6824588931905
4220.0,1.895090691506824,145.4644292041847
4230.0,1.895090691506824,145.2463995151789
4240.0,1.895090691506824,145.03313953331102
4250.0,1.895090691506824,144.8349450359169
4260.0,1.895090691506824,144.63675053852276
4270.0,1.895090691506824,144.4296752785156
4280.0,1.895090691506824,144.19454945116905
4290.0,1.895090691506824,143.95942362382254
4300.0,1.895090691506824,143.72193509794062
4310.0,1.895090691506824,143.47698380818838
4320.0,1.895090691506824,143.2320325184361
4330.0,1.895090691506824,142.98450780657404
4340.0,1.895090691506824,142.72885474432925
4350.0,1.895090691506824,142.47320168208446
4360.0,1.895090691506824,142.21073316440484
4370.0,1.895090691506824,141.92673750992927
4380.0,1.895090691506824,141.64274185545366
4390.0,1.895090691506824,141.36550225863158
4400.0,1.895090691506824,141.10960218617416
4410.0,1.895090691506824,140.85370211371676
4420.0,1.895090691506824,140.61540115811997
4430.0,1.895090691506824,140.4326883579691
4440.0,1.895090691506824,140.24997555781826
4450.0,1.895090691506824,140.08327828781805
4460.0,1.895090691506824,139.96716729363013
4470.0,1.895090691506824,139.8510562994422
4480.0,1.895090691506824,139.738674247794
4490.0,1.895090691506824,139.63807034610568
4500.0,1.895090691506824,139.53746644441733
4510.0,1.895090691506824,139.42880782397506
4520.0,1.895090691506824,139.29470775884468
4530.0,1.895090691506824,139.16060769371433
4540.0,1.895090691506824,139.01985761246888
4550.0,1.895090691506824,138.85810294716097
4560.0,1.895090691506824,138.69634828185306
4570.0,1.895090691506824,138.5345755249426
4580.0,1.895090691506824,138.3727456243229
4590.0,1.895090691506824,138.2109157237032
4600.0,1.895090691506824,138.0647991179283
4610.0,1.895090691506824,137.9683141546566
4620.0,1.895090691506824,137.8718291913849
4630.0,1.895090691506824,137.78555966373568
4640.0,1.895090691506824,137.7315563701155
4650.0,1.895090691506824,137.6775530764953
4660.0,1.895090691506824,137.6166716270953
4670.0,1.895090691506824,137.53406499706847
4680.0,1.895090691506824,137.45145836704165
4690.0,1.895090691506824,137.36265168495308
4700.0,1.895090691506824,137.25426166464865
4710.0,1.895090691506824,137.1458716443442
4720.0,1.895090691506824,137.03381226454744
4730.0,1.895090691506824,136.91016293239895
4740.0,1.895090691506824,136.78651360025046
4750.0,1.895090691506824,136.6450522052927
4760.0,1.895090691506824,136.44733004883793
4770.0,1.895090691506824,136.24960789238312
4780.0,1.895090691506824,136.03349847872917
4790.0,1.895090691506824,135.75931150814404
4800.0,1.895090691506824,135.48512453755887
4810.0,1.895090691506824,135.20253603572854
4820.0,1.895090691506824,134.89341065545477
4830.0,1.895090691506824,134.584285275181
4840.0,1.895090691506824,134.27187973915616
4850.0,1.895090691506824,133.94911358053756
4860.0,1.895090691506824,133.62634742191895
4870.0,1.895090691506824,133.30941837689485
4880.0,1.895090691506824,133.0109263012038
4890.0,1.895090691506824,132.71243422551274
4900.0,1.895090691506824,132.41832183018144
4910.0,1.895090691506824,132.13804298994089
4920.0,1.895090691506824,131.85776414970033
4930.0,1.895090691506824,131.57404707497136
4940.0,1.895090691506824,131.27947007387715
4950.0,1.895090691506824,130.9848930727829
4960.0,1.895090691506824,130.68781142525222
4970.0,1.895090691506824,130.38281866055868
4980.0,1.895090691506824,130.07782589586517
4990.0,1.895090691506824,129.76952961350892
5000.0,1.895090691506824,129.45079891817574
