t_local_rest_days,r_pc,a_micron,T_K
250.0,0.2658959224150969,0.1,225.45550537356655
250.0,0.2984580817111599,0.1,1.5090736747529103
250.0,0.3350078697319946,0.1,0.23866285476132723
250.0,0.37603361965913434,0.1,1.4274294530577332
250.0,0.42208346695577964,0.1,1.3461091426326335
250.0,0.473772672876706,0.1,1.4181313641262763
250.0,1.0635836896603876,0.1,1.0102477645761823
250.0,1.1938323268446396,0.1,1.0034891750856945
250.0,1.3400314789279784,0.1,0.0
250.0,1.5041344786365374,0.1,0.0
250.0,1.6883338678231186,0.1,0.0
250.0,1.895090691506824,0.1,0.0
750.0,0.2658959224150969,0.1,963.0051691540536
750.0,0.2984580817111599,0.1,939.6693136370483
750.0,0.3350078697319946,0.1,918.1686543465646
750.0,0.37603361965913434,0.1,898.2264581930275
750.0,0.42208346695577964,0.1,879.3950780789389
750.0,0.473772672876706,0.1,860.459220522408
750.0,1.0635836896603876,0.1,1.1768478833145835
750.0,1.1938323268446396,0.1,0.9649253220295447
750.0,1.3400314789279784,0.1,1.0950604920266436
750.0,1.5041344786365374,0.1,0.9427569788910606
750.0,1.6883338678231186,0.1,0.0
750.0,1.895090691506824,0.1,0.0
2000.0,0.2658959224150969,0.1,494.7149404735028
2000.0,0.2984580817111599,0.1,477.6735326903371
2000.0,0.3350078697319946,0.1,461.8061098405511
2000.0,0.37603361965913434,0.1,447.2267540647652
2000.0,0.42208346695577964,0.1,434.1481826530745
2000.0,0.473772672876706,0.1,422.68550434241496
2000.0,1.0635836896603876,0.1,450.7117878817697
2000.0,1.1938323268446396,0.1,440.85693851115263
2000.0,1.3400314789279784,0.1,439.3375205871792
2000.0,1.5041344786365374,0.1,443.76658419687584
2000.0,1.6883338678231186,0.1,328.07947169996316
2000.0,1.895090691506824,0.1,0.9412587526517829
250.0,0.2658959224150969,0.31622776601683794,150.2082604260125
250.0,0.2984580817111599,0.31622776601683794,1.3171295459442018
250.0,0.3350078697319946,0.31622776601683794,0.23989854403879765
250.0,0.37603361965913434,0.31622776601683794,1.2526259655517258
250.0,0.42208346695577964,0.31622776601683794,1.1877198565245668
250.0,0.473772672876706,0.31622776601683794,1.2456519663500896
250.0,1.0635836896603876,0.31622776601683794,0.9128904195664641
250.0,1.1938323268446396,0.31622776601683794,0.9056703263091898
250.0,1.3400314789279784,0.31622776601683794,0.0
250.0,1.5041344786365374,0.31622776601683794,0.0
250.0,1.6883338678231186,0.31622776601683794,0.0
250.0,1.895090691506824,0.31622776601683794,0.0
750.0,0.2658959224150969,0.31622776601683794,655.620224967077
750.0,0.2984580817111599,0.31622776601683794,641.397163744589
750.0,0.3350078697319946,0.31622776601683794,627.773735026988
750.0,0.37603361965913434,0.31622776601683794,614.0408301227089
750.0,0.42208346695577964,0.31622776601683794,599.6239301024465
750.0,0.473772672876706,0.31622776601683794,583.0032263178009
750.0,1.0635836896603876,0.31622776601683794,1.0515145047674181
750.0,1.1938323268446396,0.31622776601683794,0.8773294760967141
750.0,1.3400314789279784,0.31622776601683794,0.9845068391001905
750.0,1.5041344786365374,0.31622776601683794,0.858973184821994
750.0,1.6883338678231186,0.31622776601683794,0.0
750.0,1.895090691506824,0.31622776601683794,0.0
2000.0,0.2658959224150969,0.31622776601683794,337.6708378095535
2000.0,0.2984580817111599,0.31622776601683794,328.3781079547254
2000.0,0.3350078697319946,0.31622776601683794,319.95365269853517
2000.0,0.37603361965913434,0.31622776601683794,312.71652872445634
2000.0,0.42208346695577964,0.31622776601683794,307.24102519421655
2000.0,0.473772672876706,0.31622776601683794,303.30820041582706
2000.0,1.0635836896603876,0.31622776601683794,334.6390695473885
2000.0,1.1938323268446396,0.31622776601683794,326.2848594984334
2000.0,1.3400314789279784,0.31622776601683794,318.59614666083917
2000.0,1.5041344786365374,0.31622776601683794,309.03959443546876
2000.0,1.6883338678231186,0.31622776601683794,219.1793889124299
2000.0,1.895090691506824,0.31622776601683794,0.8574973652415567
250.0,0.2658959224150969,1.0,102.36024385950738
250.0,0.2984580817111599,1.0,1.136268429172105
250.0,0.3350078697319946,1.0,0.22315167053394602
250.0,0.37603361965913434,1.0,1.0863759616800683
250.0,0.42208346695577964,1.0,1.0356564792400251
250.0,0.473772672876706,1.0,1.0814996470439864
250.0,1.0635836896603876,1.0,0.8162260850987852
250.0,1.1938323268446396,1.0,0.8084146004165499
250.0,1.3400314789279784,1.0,0.0
250.0,1.5041344786365374,1.0,0.0
250.0,1.6883338678231186,1.0,0.0
250.0,1.895090691506824,1.0,0.0
750.0,0.2658959224150969,1.0,538.8346057037043
750.0,0.2984580817111599,1.0,526.1496284697371
750.0,0.3350078697319946,1.0,513.6994941447854
750.0,0.37603361965913434,1.0,500.5547299315359
750.0,0.42208346695577964,1.0,486.02921119866545
750.0,0.473772672876706,1.0,468.12165448982125
750.0,1.0635836896603876,1.0,0.9289320549641328
750.0,1.1938323268446396,1.0,0.7878212235017281
750.0,1.3400314789279784,1.0,0.8749653599497376
750.0,1.5041344786365374,1.0,0.773377382786028
750.0,1.6883338678231186,1.0,0.0
750.0,1.895090691506824,1.0,0.0
2000.0,0.2658959224150969,1.0,256.7178055451731
2000.0,0.2984580817111599,1.0,250.97594031752087
2000.0,0.3350078697319946,1.0,245.72115750851054
2000.0,0.37603361965913434,1.0,241.35182077784856
2000.0,0.42208346695577964,1.0,238.61952224192146
2000.0,0.473772672876706,1.0,236.61349142368567
2000.0,1.0635836896603876,1.0,270.6451122801653
2000.0,1.1938323268446396,1.0,263.7978622261637
2000.0,1.3400314789279784,1.0,253.37617539411178
2000.0,1.5041344786365374,1.0,235.82837313964137
2000.0,1.6883338678231186,1.0,152.58023252501053
2000.0,1.895090691506824,1.0,0.7724564327946617
