epoch_id,mjd,F_W1_Jy,F_W2_Jy,sigma_W1_Jy,sigma_W2_Jy,F_W1_mJy,F_W2_mJy,sigma_W1_mJy,sigma_W2_mJy,staterr_W1_mJy,staterr_W2_mJy,baseline_W1_mJy,baseline_W2_mJy,excess_W1_mJy,excess_W2_mJy
0,56643.49712938281,0.008142325534995451,0.005239881537375667,0.0011005831610644097,0.0011005525349238622,8.142325534995452,5.239881537375666,1.1005831610644097,1.1005525349238623,0.0223367391912461,0.020773002347,8.072315984025277,5.215414582541471,0.070009550970175,0.0244669548341951
1,56830.41903856194,0.0080023064330551,0.0051909476277072755,0.001100653657254561,0.0011006059978851976,8.0023064330551,5.190947627707276,1.1006536572545609,1.1006059978851976,0.0255755493979976,0.0234349755715898,8.072315984025277,5.215414582541471,-0.0700095509701768,-0.0244669548341951
2,57008.22228850294,0.010128646755030536,0.00801076900461729,0.0011007392448209455,0.0011006727310915168,10.128646755030536,8.01076900461729,1.1007392448209454,1.1006727310915168,0.0290262051972742,0.0263836401511935,8.072315984025277,5.215414582541471,2.0563307710052587,2.7953544220758184
3,57192.82146953,0.014879646959535416,0.0146797232006824,0.001101344246461307,0.001101313754318936,14.879646959535416,14.6797232006824,1.101344246461307,1.101313754318936,0.0466345870850566,0.0459088330415725,8.072315984025277,5.215414582541471,6.8073309755101405,9.46430861814093
4,57367.67202436182,0.017779017213971324,0.01972041715725756,0.0011019582788296149,0.0011019995565766092,17.779017213971326,19.72041715725756,1.101958278829615,1.1019995565766092,0.0593943076422052,0.0601552840090775,8.072315984025277,5.215414582541471,9.706701229946049,14.505002574716087
5,57557.16713071791,0.027012789356417124,0.034138742451476765,0.0011033864567969798,0.0011044304359328825,27.012789356417123,34.138742451476766,1.1033864567969798,1.1044304359328825,0.0817148000191073,0.0947745921334731,8.072315984025277,5.215414582541471,18.94047337239185,28.923327868935296
6,57727.539130518,0.028757428611379386,0.04126316673093194,0.0011036795667563797,0.0011057074940614684,28.757428611379385,41.263166730931935,1.1036795667563797,1.1057074940614684,0.0855816661132473,0.1086494267028656,8.072315984025277,5.215414582541471,20.685112627354105,36.04775214839047
7,57923.0026518057,0.026579018264383608,0.04189396363449387,0.001102081734227937,0.0011035860392342824,26.57901826438361,41.89396363449387,1.102081734227937,1.1035860392342824,0.0616423914041799,0.0843669454939568,8.072315984025277,5.215414582541471,18.506702280358333,36.6785490519524
8,58090.12816985646,0.02079922434245585,0.035016970478462146,0.0011033264988649246,0.00110624485740339,20.79922434245585,35.01697047846215,1.1033264988649245,1.10624485740339,0.0809011656078037,0.1139882451422774,8.072315984025277,5.215414582541471,12.726908358430574,29.80155589592068
9,58286.7301090944,0.016277353122188008,0.025873854740424574,0.0011015663285628395,0.0011027975868423976,16.277353122188007,25.873854740424573,1.1015663285628394,1.1027975868423976,0.0516140651623455,0.0733358919260183,8.072315984025277,5.215414582541471,8.20503713816273,20.658440157883103
10,58450.891578018825,0.014503055859336917,0.022426795182497093,0.0011018161708063524,0.001103283710567505,14.503055859336916,22.42679518249709,1.1018161708063523,1.103283710567505,0.0566966467222062,0.0803155122175776,8.072315984025277,5.215414582541471,6.430739875311639,17.21138059995562
11,58652.41405919929,0.013441412469393068,0.020012736276098373,0.001101176384532314,0.0011018901637832841,13.441412469393068,20.012736276098373,1.101176384532314,1.101890163783284,0.0424860606649757,0.0581168524743216,8.072315984025277,5.215414582541471,5.369096485367791,14.797321693556905
12,58815.92686248312,0.012913189817055516,0.01880693801904431,0.001101624362478972,0.001102739404859121,12.913189817055516,18.80693801904431,1.101624362478972,1.102739404859121,0.0528381633516032,0.072455714255106,8.072315984025277,5.215414582541471,4.8408738330302405,13.59152343650284
13,59019.2668646728,0.012010493759225745,0.016641265473460152,0.0011010845760697071,0.0011016865357138597,12.010493759225746,16.64126547346015,1.1010845760697072,1.1016865357138597,0.0400359732962274,0.0541189289655168,8.072315984025277,5.215414582541471,3.9381777752004687,11.425850890918682
14,59182.07497190161,0.011640589762299211,0.015914151359408664,0.0011010987535060438,0.001101616518340984,11.64058976229921,15.914151359408663,1.101098753506044,1.101616518340984,0.0404240086054485,0.052674367398963,8.072315984025277,5.215414582541471,3.5682737782739338,10.698736776867191
15,59384.9266584939,0.010879678137485757,0.014159612174136344,0.0011010439231418907,0.001101502351451963,10.879678137485758,14.159612174136344,1.1010439231418907,1.101502351451963,0.0389018789630363,0.0502301279450218,8.072315984025277,5.215414582541471,2.807362153460481,8.944197591594872
16,59546.12675814778,0.011020514656484601,0.014185483295401358,0.0011012950310218513,0.0011017832084368778,11.020514656484602,14.185483295401358,1.1012950310218512,1.101783208436878,0.0454574620121893,0.0560524209346053,8.072315984025277,5.215414582541471,2.948198672459325,8.970068712859888
17,59748.78921679262,0.010753259416109977,0.013749990386377952,0.0011010418974282672,0.0011015149945702296,10.753259416109977,13.749990386377952,1.1010418974282672,1.1015149945702296,0.038844502720565,0.050506620974109,8.072315984025277,5.215414582541471,2.6809434320847,8.534575803836482
18,59911.00425378909,0.010396292705988287,0.012742551885511537,0.0011010324297767516,0.0011012905384210293,10.396292705988287,12.742551885511537,1.1010324297767515,1.1012905384210294,0.0385752112018409,0.0453484896644889,8.072315984025277,5.215414582541471,2.3239767219630103,7.527137302970064
19,60113.91044305,0.009268683413568771,0.010054942843925154,0.0011011110673225955,0.0011015078486241324,9.268683413568771,10.054942843925154,1.1011110673225954,1.1015078486241323,0.0407580431261649,0.050350532070015,8.072315984025277,5.215414582541471,1.1963674295434965,4.839528261383683
20,60277.944716825,0.008817243269994519,0.008955445202552727,0.001101492242611824,0.0011016183727881976,8.817243269994519,8.955445202552728,1.101492242611824,1.1016183727881976,0.0500079596983778,0.0527131365381105,8.072315984025277,5.215414582541471,0.7449272859692417,3.740030620011257
21,60480.48393036501,0.00837169528732302,0.007414974756600903,0.0011016438843912697,0.001102136798469768,8.37169528732302,7.414974756600903,1.1016438843912697,1.102136798469768,0.0532436241803129,0.062619150747669,8.072315984025277,5.215414582541471,0.2993793032977425,2.199560174059432
